project_name,continent,country,country_code,ecosystem,activity,activity_type,price_type,project_size_ha,project_size_filter,abatement_potential,total_cost_npv,total_cost,capex_npv,capex,opex_npv,opex,cost_per_tco2e,cost_per_tco2e_npv,feasibility_analysis_npv,feasibility_analysis,conservation_planning_npv,conservation_planning,data_collection_npv,data_collection,community_representation_npv,community_representation,blue_carbon_project_planning_npv,blue_carbon_project_planning,establishing_carbon_rights_npv,establishing_carbon_rights,validation_npv,validation,implementation_labor_npv,implementation_labor,monitoring_npv,maintenance_npv,monitoring,maintenance,monitoring_maintenance_npv,monitoring_maintenance,community_benefit_npv,community_benefit,carbon_standard_fees_npv,carbon_standard_fees,baseline_reassessment_npv,baseline_reassessment,mrv_npv,mrv,long_term_project_operating_npv,long_term_project_operating,initial_price_assumption,leftover_after_opex,leftover_after_opex_NPV,total_revenue,total_revenu_npv,credits_issued
United States Mangrove Restoration Planting Small,North America,United States,USA,Mangrove,Restoration,Planting,Opex breakeven,100,Small,166589,5648912,7720040,2732701,2990267,2916212,4729773,256,256,100000,100000,629559,667067,76963,80000,351049,379500,88900,100000,185006,200000,44450,50000,1256774,1413700,600463,290522,994000,353284,890985,1347284,145811,246078,2665,4412,75812,120000,223062,400000,1577877,2612000,190.1037395,191780,0,4921553,2916212,22061
United States Mangrove Restoration Hydrology Small,North America,United States,USA,Mangrove,Restoration,Hydrology,Opex breakeven,100,Small,166589,16268065,19903975,11273022,12596967,4995044,7307008,590,590,100000,100000,629559,667067,76963,80000,351049,379500,88900,100000,185006,200000,44450,50000,9797095,11020400,600463,2264746,994000,2753998,2865209,3747998,249752,421495,3332,5515,75812,120000,223062,400000,1577877,2612000,260.4959045,1122892,0,8429900,4995044,27576
United States Mangrove Restoration Hybrid Small,North America,United States,USA,Mangrove,Restoration,Hybrid,Opex breakeven,100,Small,166589,15425150,18936881,10595073,11834367,4830077,7102514,559,559,100000,100000,629559,667067,76963,80000,351049,379500,88900,100000,185006,200000,44450,50000,9119147,10257800,600463,2108028,994000,2563424,2708491,3557424,241504,407575,3332,5515,75812,120000,223062,400000,1577877,2612000,251.8927637,1048980,0,8151494,4830077,27576
United States Mangrove Restoration Planting Small,North America,United States,USA,Mangrove,Restoration,Planting,Market price,100,Small,166589,5526112,7512796,2732701,2990267,2793411,4522529,250,250,100000,100000,629559,667067,76963,80000,351049,379500,88900,100000,185006,200000,44450,50000,1256774,1413700,600463,290522,994000,353284,890985,1347284,23010,38833,2665,4412,75812,120000,223062,400000,1577877,2612000,30,-3745866,-2333208,776663,460203,22061
United States Mangrove Restoration Hydrology Small,North America,United States,USA,Mangrove,Restoration,Hydrology,Market price,100,Small,166589,16047076,19531021,11273022,12596967,4774054,6934055,582,582,100000,100000,629559,667067,76963,80000,351049,379500,88900,100000,185006,200000,44450,50000,9797095,11020400,600463,2264746,994000,2753998,2865209,3747998,28763,48541,3332,5515,75812,120000,223062,400000,1577877,2612000,30,-5963226,-4198800,970829,575254,27576
United States Mangrove Restoration Hybrid Small,North America,United States,USA,Mangrove,Restoration,Hybrid,Market price,100,Small,166589,15212409,18577848,10595073,11834367,4617336,6743481,552,552,100000,100000,629559,667067,76963,80000,351049,379500,88900,100000,185006,200000,44450,50000,9119147,10257800,600463,2108028,994000,2563424,2708491,3557424,28763,48541,3332,5515,75812,120000,223062,400000,1577877,2612000,30,-5772652,-4042082,970829,575254,27576
United States Mangrove Restoration Planting Medium,North America,United States,USA,Mangrove,Restoration,Planting,Opex breakeven,500,Medium,166589,11759738,14910152,7638954,8645067,4120784,6265085,109,109,100000,100000,629559,667067,76963,80000,351049,379500,88900,100000,185006,200000,44450,50000,6163027,7068500,600463,1424677,994000,1766418,2025140,2760418,206039,351158,12855,21509,75812,120000,223062,400000,1577877,2612000,55.45547656,758070,0,7023155,4120784,107546
United States Mangrove Restoration Hydrology Medium,North America,United States,USA,Mangrove,Restoration,Hydrology,Opex breakeven,500,Medium,166589,63834376,75821313,49519375,56678567,14315000,19142747,475,475,100000,100000,629559,667067,76963,80000,351049,379500,88900,100000,185006,200000,44450,50000,48043449,55102000,600463,11105968,994000,13769990,11706431,14763990,715750,1219870,16069,26886,75812,120000,223062,400000,1577877,2612000,154.1153484,5254661,0,24397408,14315000,134432
United States Mangrove Restoration Hybrid Medium,North America,United States,USA,Mangrove,Restoration,Hybrid,Opex breakeven,500,Medium,166589,59700850,70986507,46194820,52865567,13506030,18120941,444,444,100000,100000,629559,667067,76963,80000,351049,379500,88900,100000,185006,200000,44450,50000,44718893,51289000,600463,10337447,994000,12817121,10937910,13811121,675302,1150933,16069,26886,75812,120000,223062,400000,1577877,2612000,145.4059775,4897720,0,23018661,13506030,134432
United States Mangrove Restoration Planting Medium,North America,United States,USA,Mangrove,Restoration,Planting,Market price,500,Medium,166589,11665161,14748961,7638954,8645067,4026207,6103895,108,108,100000,100000,629559,667067,76963,80000,351049,379500,88900,100000,185006,200000,44450,50000,6163027,7068500,600463,1424677,994000,1766418,2025140,2760418,111462,189967,12855,21509,75812,120000,223062,400000,1577877,2612000,30,-2304547,-1796968,3799348,2229239,107546
United States Mangrove Restoration Hydrology Medium,North America,United States,USA,Mangrove,Restoration,Hydrology,Market price,500,Medium,166589,63257953,74838902,49519375,56678567,13738578,18160335,471,471,100000,100000,629559,667067,76963,80000,351049,379500,88900,100000,185006,200000,44450,50000,48043449,55102000,600463,11105968,994000,13769990,11706431,14763990,139327,237459,16069,26886,75812,120000,223062,400000,1577877,2612000,30,-13411150,-10952029,4749185,2786549,134432
United States Mangrove Restoration Hybrid Medium,North America,United States,USA,Mangrove,Restoration,Hybrid,Market price,500,Medium,166589,59164876,70073033,46194820,52865567,12970056,17207467,440,440,100000,100000,629559,667067,76963,80000,351049,379500,88900,100000,185006,200000,44450,50000,44718893,51289000,600463,10337447,994000,12817121,10937910,13811121,139327,237459,16069,26886,75812,120000,223062,400000,1577877,2612000,30,-12458282,-10183507,4749185,2786549,134432
United States Mangrove Restoration Planting Large,North America,United States,USA,Mangrove,Restoration,Planting,Opex breakeven,1000,Large,166589,18932907,23972546,13413981,15793567,5518926,8178979,93,93,100000,100000,629559,667067,153925,160000,351049,379500,88900,100000,185006,200000,44450,50000,11861092,14137000,600463,2741870,994000,3532836,3342333,4526836,275946,479330,23896,40812,75812,120000,223062,400000,1577877,2612000,39.62627435,1407627,0,9586606,5518926,204061
United States Mangrove Restoration Hydrology Large,North America,United States,USA,Mangrove,Restoration,Hydrology,Opex breakeven,1000,Large,166589,119153253,145760853,94015207,111860567,25138046,33900287,467,467,100000,100000,629559,667067,153925,160000,351049,379500,88900,100000,185006,200000,44450,50000,92462318,110204000,600463,21374059,994000,27539980,21974522,28533980,1256902,2183292,29870,51015,75812,120000,223062,400000,1577877,2612000,144.3943288,9765549,0,43665836,25138046,255077
United States Mangrove Restoration Hybrid Large,North America,United States,USA,Mangrove,Restoration,Hybrid,Opex breakeven,1000,Large,166589,111198051,136093895,87616913,104234567,23581138,31859329,436,436,100000,100000,629559,667067,153925,160000,351049,379500,88900,100000,185006,200000,44450,50000,86064024,102578000,600463,19894997,994000,25634242,20495460,26628242,1179057,2048071,29870,51015,75812,120000,223062,400000,1577877,2612000,135.4513649,9102094,0,40961423,23581138,255077
United States Mangrove Restoration Planting Large,North America,United States,USA,Mangrove,Restoration,Planting,Market price,1000,Large,166589,18865873,23856103,13413981,15793567,5451892,8062537,92,92,100000,100000,629559,667067,153925,160000,351049,379500,88900,100000,185006,200000,44450,50000,11861092,14137000,600463,2741870,994000,3532836,3342333,4526836,208912,362888,23896,40812,75812,120000,223062,400000,1577877,2612000,30,-804772,-1273659,7257765,4178233,204061
United States Mangrove Restoration Hydrology Large,North America,United States,USA,Mangrove,Restoration,Hydrology,Market price,1000,Large,166589,118157490,144031172,94015207,111860567,24142283,32170605,463,463,100000,100000,629559,667067,153925,160000,351049,379500,88900,100000,185006,200000,44450,50000,92462318,110204000,600463,21374059,994000,27539980,21974522,28533980,261140,453610,29870,51015,75812,120000,223062,400000,1577877,2612000,30,-23098399,-18919492,9072206,5222791,255077
United States Mangrove Restoration Hybrid Large,North America,United States,USA,Mangrove,Restoration,Hybrid,Market price,1000,Large,166589,110280133,134499434,87616913,104234567,22663221,30264868,432,432,100000,100000,629559,667067,153925,160000,351049,379500,88900,100000,185006,200000,44450,50000,86064024,102578000,600463,19894997,994000,25634242,20495460,26628242,261140,453610,29870,51015,75812,120000,223062,400000,1577877,2612000,30,-21192662,-17440430,9072206,5222791,255077
United States Mangrove Conservation Small,North America,United States,USA,Mangrove,Conservation,,Opex breakeven,4000,Small,1089327,4119086,6001948,1475926,1576567,2643159,4425381,14,14,100000,100000,629559,667067,76963,80000,351049,379500,88900,100000,185006,200000,44450,50000,0,0,600463,0,994000,0,600463,994000,132158,239152,33788,60228,75812,120000,223062,400000,1577877,2612000,13.19896761,357668,0,4783049,2643159,301142
United States Mangrove Conservation Small,North America,United States,USA,Mangrove,Conservation,,Market price,4000,Small,1089327,4287310,6306366,1475926,1576567,2811384,4729799,14,14,100000,100000,629559,667067,76963,80000,351049,379500,88900,100000,185006,200000,44450,50000,0,0,600463,0,994000,0,600463,994000,300382,543571,33788,60228,75812,120000,223062,400000,1577877,2612000,30,6141617,3196266,10871416,6007650,301142
United States Mangrove Conservation Medium,North America,United States,USA,Mangrove,Conservation,,Opex breakeven,20000,Medium,1089327,4261350,6255733,1475926,1576567,2785423,4679167,3,3,100000,100000,629559,667067,76963,80000,351049,379500,88900,100000,185006,200000,44450,50000,0,0,600463,0,994000,0,600463,994000,139271,252024,168939,301142,75812,120000,223062,400000,1577877,2612000,2.781876688,361323,0,5040490,2785423,1505711
United States Mangrove Conservation Medium,North America,United States,USA,Mangrove,Conservation,,Market price,20000,Medium,1089327,5623991,8721563,1475926,1576567,4148065,7144996,4,4,100000,100000,629559,667067,76963,80000,351049,379500,88900,100000,185006,200000,44450,50000,0,0,600463,0,994000,0,600463,994000,1501912,2717854,168939,301142,75812,120000,223062,400000,1577877,2612000,30,47212084,25890183,54357080,30038248,1505711
United States Mangrove Conservation Large,North America,United States,USA,Mangrove,Conservation,,Opex breakeven,40000,Large,1089327,5896354,8751242,1885803,2013083,4010551,6738158,2,2,100000,100000,786949,833833,153925,160000,526574,569250,88900,100000,185006,200000,44450,50000,0,0,1200926,0,1988000,0,1200926,1988000,200528,362874,337878,602285,75812,120000,223062,400000,1972346,3265000,2.002722057,519317,0,7257475,4010551,3011423
United States Mangrove Conservation Large,North America,United States,USA,Mangrove,Conservation,,Market price,40000,Large,1089327,8699651,13824076,1885803,2013083,6813848,11810993,3,3,100000,100000,786949,833833,153925,160000,526574,569250,88900,100000,185006,200000,44450,50000,0,0,1200926,0,1988000,0,1200926,1988000,3003825,5435708,337878,602285,75812,120000,223062,400000,1972346,3265000,30,96903168,53262649,108714161,60076497,3011423
United States Seagrass Restoration Planting Small,North America,United States,USA,Seagrass,Restoration,Planting,Opex breakeven,100,Small,101104,8364115,10833950,4918563,5449065,3445552,5384886,4144,4144,100000,100000,629559,667067,76963,80000,351049,379500,88900,100000,185006,200000,44450,50000,3442637,3872498,600463,795817,994000,967737,1396280,1961737,172278,290745,244,404,75812,120000,223062,400000,1577877,2612000,2455.270483,430010,0,5814896,3445552,2018
United States Seagrass Restoration Planting Small,North America,United States,USA,Seagrass,Restoration,Planting,Market price,100,Small,101104,8193943,10546758,4918563,5449065,3275380,5097693,4060,4060,100000,100000,629559,667067,76963,80000,351049,379500,88900,100000,185006,200000,44450,50000,3442637,3872498,600463,795817,994000,967737,1396280,1961737,2105,3552,244,404,75812,120000,223062,400000,1577877,2612000,30,-5026643,-3233280,71050,42100,2018
United States Seagrass Restoration Planting Medium,North America,United States,USA,Seagrass,Restoration,Planting,Opex breakeven,500,Medium,101104,25074881,30478090,18358086,20939056,6716795,9539034,2549,2549,100000,100000,629559,667067,76963,80000,351049,379500,88900,100000,185006,200000,44450,50000,16882160,19362490,600463,3902566,994000,4838686,4503029,5832686,335840,572380,1176,1968,75812,120000,223062,400000,1577877,2612000,988.0877748,1908566,0,11447600,6716795,9838
United States Seagrass Restoration Planting Medium,North America,United States,USA,Seagrass,Restoration,Planting,Market price,500,Medium,101104,24749238,29923088,18358086,20939056,6391152,8984032,2516,2516,100000,100000,629559,667067,76963,80000,351049,379500,88900,100000,185006,200000,44450,50000,16882160,19362490,600463,3902566,994000,4838686,4503029,5832686,10197,17378,1176,1968,75812,120000,223062,400000,1577877,2612000,30,-8636464,-6187219,347568,203933,9838
United States Seagrass Restoration Planting Large,North America,United States,USA,Seagrass,Restoration,Planting,Opex breakeven,1000,Large,101104,44559457,55101980,34043555,40381546,10515902,14720434,2387,2387,100000,100000,629559,667067,153925,160000,351049,379500,88900,100000,185006,200000,44450,50000,32490666,38724979,600463,7510707,994000,9677372,8111170,10671372,525795,913328,2186,3734,75812,120000,223062,400000,1577877,2612000,825.3612071,3546127,0,18266561,10515902,18668
United States Seagrass Restoration Planting Large,North America,United States,USA,Seagrass,Restoration,Planting,Market price,1000,Large,101104,44052773,54221849,34043555,40381546,10009218,13840303,2360,2360,100000,100000,629559,667067,153925,160000,351049,379500,88900,100000,185006,200000,44450,50000,32490666,38724979,600463,7510707,994000,9677372,8111170,10671372,19111,33197,2186,3734,75812,120000,223062,400000,1577877,2612000,30,-13176355,-9626989,663948,382229,18668
United States Seagrass Conservation Small,North America,United States,USA,Seagrass,Conservation,,Opex breakeven,400,Small,1612314,4084355,5950775,1475926,1576567,2608429,4374209,552,552,100000,100000,629559,667067,76963,80000,351049,379500,88900,100000,185006,200000,44450,50000,0,0,600463,0,994000,0,600463,994000,130421,246728,794,1480,75812,120000,223062,400000,1577877,2612000,544.8562738,560359,0,4934568,2608429,7402
United States Seagrass Conservation Small,North America,United States,USA,Seagrass,Conservation,,Market price,400,Small,1612314,3961115,5717632,1475926,1576567,2485188,4141065,535,535,100000,100000,629559,667067,76963,80000,351049,379500,88900,100000,185006,200000,44450,50000,0,0,600463,0,994000,0,600463,994000,7181,13585,794,1480,75812,120000,223062,400000,1577877,2612000,30,-3869366,-2341567,271699,143621,7402
United States Seagrass Conservation Medium,North America,United States,USA,Seagrass,Conservation,,Opex breakeven,2000,Medium,1612314,4087698,5957013,1475926,1576567,2611772,4380447,110,110,100000,100000,629559,667067,76963,80000,351049,379500,88900,100000,185006,200000,44450,50000,0,0,600463,0,994000,0,600463,994000,130589,247045,3970,7402,75812,120000,223062,400000,1577877,2612000,109.1109052,560444,0,4940891,2611772,37011
United States Seagrass Conservation Medium,North America,United States,USA,Seagrass,Conservation,,Market price,2000,Medium,1612314,3993015,5777894,1475926,1576567,2517088,4201327,108,108,100000,100000,629559,667067,76963,80000,351049,379500,88900,100000,185006,200000,44450,50000,0,0,600463,0,994000,0,600463,994000,35905,67925,3970,7402,75812,120000,223062,400000,1577877,2612000,30,-2842831,-1798982,1358496,718106,37011
United States Seagrass Conservation Large,North America,United States,USA,Seagrass,Conservation,,Opex breakeven,4000,Large,1612314,4091876,5964811,1475926,1576567,2615950,4388244,55,55,100000,100000,629559,667067,76963,80000,351049,379500,88900,100000,185006,200000,44450,50000,0,0,600463,0,994000,0,600463,994000,130798,247440,7939,14804,75812,120000,223062,400000,1577877,2612000,54.64273407,560552,0,4948796,2615950,74022
United States Seagrass Conservation Large,North America,United States,USA,Seagrass,Conservation,,Market price,4000,Large,1612314,4032889,5853221,1475926,1576567,2556963,4276654,54,54,100000,100000,629559,667067,76963,80000,351049,379500,88900,100000,185006,200000,44450,50000,0,0,600463,0,994000,0,600463,994000,71811,135850,7939,14804,75812,120000,223062,400000,1577877,2612000,30,-1559662,-1120752,2716992,1436211,74022
United States Salt marsh Restoration Planting Small,North America,United States,USA,Salt marsh,Restoration,Planting,Opex breakeven,100,Small,169246,6774878,9010731,3640124,4010994,3134754,4999736,1586,1586,100000,100000,629559,667067,76963,80000,351049,379500,88900,100000,185006,200000,44450,50000,2164197,2434428,600463,500287,994000,608363,1100750,1602363,156738,264519,516,854,75812,120000,223062,400000,1577877,2612000,1055.531084,290640,0,5290376,3134754,4271
United States Salt marsh Restoration Hydrology Small,North America,United States,USA,Salt marsh,Restoration,Hydrology,Opex breakeven,100,Small,169246,25060259,29990001,18346775,20553977,6713484,9436024,4694,4694,100000,100000,629559,667067,76963,80000,351049,379500,88900,100000,185006,200000,44450,50000,16870849,18977410,600463,3899951,994000,4742455,4500414,5736455,335674,566502,645,1068,75812,120000,223062,400000,1577877,2612000,1808.445819,1894006,0,11330030,6713484,5339
United States Salt marsh Restoration Hybrid Small,North America,United States,USA,Salt marsh,Restoration,Hybrid,Opex breakeven,100,Small,169246,23608738,28324640,17179330,19240760,6429407,9083880,4422,4422,100000,100000,629559,667067,76963,80000,351049,379500,88900,100000,185006,200000,44450,50000,15703404,17664194,600463,3630079,994000,4414282,4230542,5408282,321470,542530,645,1068,75812,120000,223062,400000,1577877,2612000,1731.922717,1766728,0,10850608,6429407,5339
United States Salt marsh Restoration Planting Small,North America,United States,USA,Salt marsh,Restoration,Planting,Market price,100,Small,169246,6622595,8753730,3640124,4010994,2982471,4742736,1551,1551,100000,100000,629559,667067,76963,80000,351049,379500,88900,100000,185006,200000,44450,50000,2164197,2434428,600463,500287,994000,608363,1100750,1602363,4455,7518,516,854,75812,120000,223062,400000,1577877,2612000,30,-4592374,-2893376,150362,89095,4271
United States Salt marsh Restoration Hydrology Small,North America,United States,USA,Salt marsh,Restoration,Hydrology,Market price,100,Small,169246,24730153,29432897,18346775,20553977,6383378,8878920,4632,4632,100000,100000,629559,667067,76963,80000,351049,379500,88900,100000,185006,200000,44450,50000,16870849,18977410,600463,3899951,994000,4742455,4500414,5736455,5568,9398,645,1068,75812,120000,223062,400000,1577877,2612000,30,-8690968,-6272009,187952,111369,5339
United States Salt marsh Restoration Hybrid Small,North America,United States,USA,Salt marsh,Restoration,Hybrid,Market price,100,Small,169246,23292836,27791508,17179330,19240760,6113505,8550747,4363,4363,100000,100000,629559,667067,76963,80000,351049,379500,88900,100000,185006,200000,44450,50000,15703404,17664194,600463,3630079,994000,4414282,4230542,5408282,5568,9398,645,1068,75812,120000,223062,400000,1577877,2612000,30,-8362795,-6002136,187952,111369,5339
United States Salt marsh Restoration Planting Medium,North America,United States,USA,Salt marsh,Restoration,Planting,Opex breakeven,500,Medium,169246,17281482,21363185,12088817,13748704,5192665,7614481,830,830,100000,100000,629559,667067,76963,80000,351049,379500,88900,100000,185006,200000,44450,50000,10612890,12172138,600463,2453330,994000,3041817,3053793,4035817,259633,442499,2489,4164,75812,120000,223062,400000,1577877,2612000,360.953119,1235506,0,8849987,5192665,20821
United States Salt marsh Restoration Hydrology Medium,North America,United States,USA,Salt marsh,Restoration,Hydrology,Opex breakeven,500,Medium,169246,106950167,126245102,84207973,96463619,22742194,29781484,4109,4109,100000,100000,629559,667067,76963,80000,351049,379500,88900,100000,185006,200000,44450,50000,82732047,94887052,600463,19124760,994000,23712274,19725223,24706274,1137110,1938004,3111,5205,75812,120000,223062,400000,1577877,2612000,1264.686401,8978600,0,38760084,22742194,26026
United States Salt marsh Restoration Hybrid Medium,North America,United States,USA,Salt marsh,Restoration,Hybrid,Opex breakeven,500,Medium,169246,99832131,117919443,78483003,89897535,21349128,28021908,3836,3836,100000,100000,629559,667067,76963,80000,351049,379500,88900,100000,185006,200000,44450,50000,77007077,88320968,600463,17801347,994000,22071410,18401810,23065410,1067456,1819292,3111,5205,75812,120000,223062,400000,1577877,2612000,1187.218405,8363938,0,36385846,21349128,26026
United States Salt marsh Restoration Planting Medium,North America,United States,USA,Salt marsh,Restoration,Planting,Market price,500,Medium,169246,17043427,20957463,12088817,13748704,4954611,7208759,819,819,100000,100000,629559,667067,76963,80000,351049,379500,88900,100000,185006,200000,44450,50000,10612890,12172138,600463,2453330,994000,3041817,3053793,4035817,21579,36778,2489,4164,75812,120000,223062,400000,1577877,2612000,30,-6473207,-4523032,735552,431579,20821
United States Salt marsh Restoration Hydrology Medium,North America,United States,USA,Salt marsh,Restoration,Hydrology,Market price,500,Medium,169246,105840031,124353070,84207973,96463619,21632058,27889451,4067,4067,100000,100000,629559,667067,76963,80000,351049,379500,88900,100000,185006,200000,44450,50000,82732047,94887052,600463,19124760,994000,23712274,19725223,24706274,26974,45972,3111,5205,75812,120000,223062,400000,1577877,2612000,30,-26970012,-21092584,919439,539474,26026
United States Salt marsh Restoration Hybrid Medium,North America,United States,USA,Salt marsh,Restoration,Hybrid,Market price,500,Medium,169246,98791648,116146122,78483003,89897535,20308645,26248587,3796,3796,100000,100000,629559,667067,76963,80000,351049,379500,88900,100000,185006,200000,44450,50000,77007077,88320968,600463,17801347,994000,22071410,18401810,23065410,26974,45972,3111,5205,75812,120000,223062,400000,1577877,2612000,30,-25329148,-19769171,919439,539474,26026
United States Salt marsh Restoration Planting Large,North America,United States,USA,Salt marsh,Restoration,Planting,Opex breakeven,1000,Large,169246,29560530,36876937,21977993,26000842,7582537,10876095,748,748,100000,100000,629559,667067,153925,160000,351049,379500,88900,100000,185006,200000,44450,50000,20425104,24344275,600463,4721571,994000,6083634,5322034,7077634,379127,658559,4626,7901,75812,120000,223062,400000,1577877,2612000,281.2154281,2295089,0,13171184,7582537,39506
United States Salt marsh Restoration Hydrology Large,North America,United States,USA,Salt marsh,Restoration,Hydrology,Opex breakeven,1000,Large,169246,202132914,246583085,160775363,191430670,41357550,55152415,4093,4093,100000,100000,629559,667067,153925,160000,351049,379500,88900,100000,185006,200000,44450,50000,159222474,189774104,600463,36806677,994000,47424549,37407140,48418549,2067878,3591990,5783,9877,75812,120000,223062,400000,1577877,2612000,1227.070115,16687379,0,71839794,41357550,49383
United States Salt marsh Restoration Hybrid Large,North America,United States,USA,Salt marsh,Restoration,Hybrid,Opex breakeven,1000,Large,169246,188433852,229936336,149757337,178298504,38676516,51637833,3816,3816,100000,100000,629559,667067,153925,160000,351049,379500,88900,100000,185006,200000,44450,50000,148204448,176641937,600463,34259693,994000,44142820,34860156,45136820,1933826,3359136,5783,9877,75812,120000,223062,400000,1577877,2612000,1147.524359,15544892,0,67182725,38676516,49383
United States Salt marsh Restoration Planting Large,North America,United States,USA,Salt marsh,Restoration,Planting,Market price,1000,Large,169246,29221848,36288632,21977993,26000842,7243856,10287791,740,740,100000,100000,629559,667067,153925,160000,351049,379500,88900,100000,185006,200000,44450,50000,20425104,24344275,600463,4721571,994000,6083634,5322034,7077634,40445,70255,4626,7901,75812,120000,223062,400000,1577877,2612000,30,-8882692,-6434953,1405099,808903,39506
United States Salt marsh Restoration Hydrology Large,North America,United States,USA,Salt marsh,Restoration,Hydrology,Market price,1000,Large,169246,200115592,243078914,160775363,191430670,39340229,51648244,4052,4052,100000,100000,629559,667067,153925,160000,351049,379500,88900,100000,185006,200000,44450,50000,159222474,189774104,600463,36806677,994000,47424549,37407140,48418549,50556,87819,5783,9877,75812,120000,223062,400000,1577877,2612000,30,-49891870,-38329100,1756374,1011129,49383
United States Salt marsh Restoration Hybrid Large,North America,United States,USA,Salt marsh,Restoration,Hybrid,Market price,1000,Large,169246,186550583,226665019,149757337,178298504,36793246,48366515,3778,3778,100000,100000,629559,667067,153925,160000,351049,379500,88900,100000,185006,200000,44450,50000,148204448,176641937,600463,34259693,994000,44142820,34860156,45136820,50556,87819,5783,9877,75812,120000,223062,400000,1577877,2612000,30,-46610141,-35782117,1756374,1011129,49383
United States Salt marsh Conservation Small,North America,United States,USA,Salt marsh,Conservation,,Opex breakeven,800,Small,3622232,4086292,5955618,1475926,1576567,2610365,4379051,166,166,100000,100000,629559,667067,76963,80000,351049,379500,88900,100000,185006,200000,44450,50000,0,0,600463,0,994000,0,600463,994000,130518,248115,2634,4936,75812,120000,223062,400000,1577877,2612000,164.041173,583258,0,4962309,2610365,24680
United States Salt marsh Conservation Small,North America,United States,USA,Salt marsh,Conservation,,Market price,800,Small,3622232,3979643,5752878,1475926,1576567,2503716,4176312,161,161,100000,100000,629559,667067,76963,80000,351049,379500,88900,100000,185006,200000,44450,50000,0,0,600463,0,994000,0,600463,994000,23869,45376,2634,4936,75812,120000,223062,400000,1577877,2612000,30,-3268800,-2026330,907512,477386,24680
United States Salt marsh Conservation Medium,North America,United States,USA,Salt marsh,Conservation,,Opex breakeven,4000,Medium,3622232,4097381,5976416,1475926,1576567,2621455,4399850,33,33,100000,100000,629559,667067,76963,80000,351049,379500,88900,100000,185006,200000,44450,50000,0,0,600463,0,994000,0,600463,994000,131073,249169,13169,24680,75812,120000,223062,400000,1577877,2612000,32.94761155,583540,0,4983390,2621455,123401
United States Salt marsh Conservation Medium,North America,United States,USA,Salt marsh,Conservation,,Market price,4000,Medium,3622232,4085655,5954125,1475926,1576567,2609729,4377558,33,33,100000,100000,629559,667067,76963,80000,351049,379500,88900,100000,185006,200000,44450,50000,0,0,600463,0,994000,0,600463,994000,119347,226878,13169,24680,75812,120000,223062,400000,1577877,2612000,30,160000,-222799,4537558,2386930,123401
United States Salt marsh Conservation Large,North America,United States,USA,Salt marsh,Conservation,,Opex breakeven,8000,Large,3622232,4111243,6002414,1475926,1576567,2635317,4425847,17,17,100000,100000,629559,667067,76963,80000,351049,379500,88900,100000,185006,200000,44450,50000,0,0,600463,0,994000,0,600463,994000,131766,250487,26337,49360,75812,120000,223062,400000,1577877,2612000,16.56091637,583894,0,5009741,2635317,246801
United States Salt marsh Conservation Large,North America,United States,USA,Salt marsh,Conservation,,Market price,8000,Large,3622232,4218170,6205683,1475926,1576567,2742244,4629116,17,17,100000,100000,629559,667067,76963,80000,351049,379500,88900,100000,185006,200000,44450,50000,0,0,600463,0,994000,0,600463,994000,238693,453756,26337,49360,75812,120000,223062,400000,1577877,2612000,30,4446000,2031616,9075116,4773860,246801
Indonesia Mangrove Restoration Planting Small,Asia,Indonesia,IDN,Mangrove,Restoration,Planting,Opex breakeven,100,Small,6033817,3043810,4208816,1465898,1571800,1577912,2637016,81,81,50000,50000,629559,667067,76963,80000,268724,284733,88900,100000,129504,140000,44450,50000,177799,200000,181226,41101,300000,49980,222327,349980,788956,1331484,4562,7552,75812,120000,167296,300000,318958,528000,60.09537555,25951,0,2662967,1577912,37760
Indonesia Mangrove Restoration Hydrology Small,Asia,Indonesia,IDN,Mangrove,Restoration,Hydrology,Opex breakeven,100,Small,6033817,3293092,4516005,1634808,1761800,1658285,2754205,70,70,50000,50000,629559,667067,76963,80000,268724,284733,88900,100000,129504,140000,44450,50000,346709,390000,181226,80147,300000,97461,261373,397461,829142,1399304,5703,9440,75812,120000,167296,300000,318958,528000,50.52512698,44404,0,2798609,1658285,47200
Indonesia Mangrove Restoration Planting Small,Asia,Indonesia,IDN,Mangrove,Restoration,Planting,Market price,100,Small,6033817,2648706,3542017,1465898,1571800,1182808,1970217,70,70,50000,50000,629559,667067,76963,80000,268724,284733,88900,100000,129504,140000,44450,50000,177799,200000,181226,41101,300000,49980,222327,349980,393852,664685,4562,7552,75812,120000,167296,300000,318958,528000,30,-640847,-395104,1329370,787704,37760
Indonesia Mangrove Restoration Hydrology Small,Asia,Indonesia,IDN,Mangrove,Restoration,Hydrology,Market price,100,Small,6033817,2956265,3947557,1634808,1761800,1321457,2185757,63,63,50000,50000,629559,667067,76963,80000,268724,284733,88900,100000,129504,140000,44450,50000,346709,390000,181226,80147,300000,97461,261373,397461,492315,830856,5703,9440,75812,120000,167296,300000,318958,528000,30,-524044,-336827,1661713,984630,47200
Indonesia Mangrove Restoration Planting Medium,Asia,Indonesia,IDN,Mangrove,Restoration,Planting,Opex breakeven,500,Medium,6033817,4093698,5554341,2159999,2371800,1933698,3182541,22,22,50000,50000,629559,667067,76963,80000,268724,284733,88900,100000,129504,140000,44450,50000,871900,1000000,181226,201553,300000,249900,382779,549900,966849,1647825,22003,36816,75812,120000,167296,300000,318958,528000,15.20337388,113108,0,3295649,1933698,184080
Indonesia Mangrove Restoration Hydrology Medium,Asia,Indonesia,IDN,Mangrove,Restoration,Hydrology,Opex breakeven,500,Medium,6033817,5315955,7086661,2988305,3321800,2327650,3764861,23,23,50000,50000,629559,667067,76963,80000,268724,284733,88900,100000,129504,140000,44450,50000,1700206,1950000,181226,393028,300000,487305,574254,787305,1163825,1983536,27504,46020,75812,120000,167296,300000,318958,528000,14.64060513,202211,0,3967072,2327650,230100
Indonesia Mangrove Restoration Planting Medium,Asia,Indonesia,IDN,Mangrove,Restoration,Planting,Market price,500,Medium,6033817,5034680,7158080,2159999,2371800,2874680,4786280,27,27,50000,50000,629559,667067,76963,80000,268724,284733,88900,100000,129504,140000,44450,50000,871900,1000000,181226,201553,300000,249900,382779,549900,1907831,3251564,22003,36816,75812,120000,167296,300000,318958,528000,30,1716848,940983,6503128,3815663,184080
Indonesia Mangrove Restoration Hydrology Medium,Asia,Indonesia,IDN,Mangrove,Restoration,Hydrology,Market price,500,Medium,6033817,6536919,9167580,2988305,3321800,3548614,5845780,28,28,50000,50000,629559,667067,76963,80000,268724,284733,88900,100000,129504,140000,44450,50000,1700206,1950000,181226,393028,300000,487305,574254,787305,2384789,4064455,27504,46020,75812,120000,167296,300000,318958,528000,30,2283130,1220964,8128910,4769578,230100
Indonesia Mangrove Restoration Planting Large,Asia,Indonesia,IDN,Mangrove,Restoration,Planting,Opex breakeven,1000,Large,6033817,5387272,7305433,3043083,3451800,2344189,3853633,15,15,50000,50000,629559,667067,153925,160000,268724,284733,88900,100000,129504,140000,44450,50000,1678021,2000000,181226,387900,300000,499800,569126,799800,1172095,2035977,40902,69856,75812,120000,167296,300000,318958,528000,9.833499001,218322,0,4071955,2344189,349280
Indonesia Mangrove Restoration Hydrology Large,Asia,Indonesia,IDN,Mangrove,Restoration,Hydrology,Opex breakeven,1000,Large,6033817,7738853,10355578,4637203,5351800,3101650,5003778,18,18,50000,50000,629559,667067,153925,160000,268724,284733,88900,100000,129504,140000,44450,50000,3272141,3900000,181226,756405,300000,974610,937631,1274610,1550825,2693848,51128,87320,75812,120000,167296,300000,318958,528000,10.40874063,383918,0,5387696,3101650,436600
Indonesia Mangrove Restoration Planting Large,Asia,Indonesia,IDN,Mangrove,Restoration,Planting,Market price,1000,Large,6033817,7790999,11480808,3043083,3451800,4747916,8029008,22,22,50000,50000,629559,667067,153925,160000,268724,284733,88900,100000,129504,140000,44450,50000,1678021,2000000,181226,387900,300000,499800,569126,799800,3575822,6211352,40902,69856,75812,120000,167296,300000,318958,528000,30,4393696,2403728,12422704,7151644,349280
Indonesia Mangrove Restoration Hydrology Large,Asia,Indonesia,IDN,Mangrove,Restoration,Hydrology,Market price,1000,Large,6033817,10657805,15425920,4637203,5351800,6020602,10074120,24,24,50000,50000,629559,667067,153925,160000,268724,284733,88900,100000,129504,140000,44450,50000,3272141,3900000,181226,756405,300000,974610,937631,1274610,4469777,7764190,51128,87320,75812,120000,167296,300000,318958,528000,30,5454260,2918952,15528380,8939554,436600
Indonesia Mangrove Conservation Small,Asia,Indonesia,IDN,Mangrove,Conservation,,Opex breakeven,4000,Small,10199230,2826271,4029024,1288099,1371800,1538172,2657224,13,13,50000,50000,629559,667067,76963,80000,268724,284733,88900,100000,129504,140000,44450,50000,0,0,181226,0,300000,0,181226,300000,769086,1364233,25793,44991,75812,120000,167296,300000,318958,528000,10.15040859,71241,0,2728465,1538172,224955
Indonesia Mangrove Conservation Small,Asia,Indonesia,IDN,Mangrove,Conservation,,Market price,4000,Small,10199230,4330255,6696843,1288099,1371800,3042156,5325043,19,19,50000,50000,629559,667067,76963,80000,268724,284733,88900,100000,129504,140000,44450,50000,0,0,181226,0,300000,0,181226,300000,2273069,4032052,25793,44991,75812,120000,167296,300000,318958,528000,30,2739061,1503983,8064104,4546139,224955
Indonesia Mangrove Conservation Medium,Asia,Indonesia,IDN,Mangrove,Conservation,,Opex breakeven,20000,Medium,10199230,3032618,4392000,1288099,1371800,1744519,3020200,3,3,50000,50000,629559,667067,76963,80000,268724,284733,88900,100000,129504,140000,44450,50000,0,0,181226,0,300000,0,181226,300000,872260,1547245,128967,224955,75812,120000,167296,300000,318958,528000,2.302418519,74291,0,3094491,1744519,1124776
Indonesia Mangrove Conservation Medium,Asia,Indonesia,IDN,Mangrove,Conservation,,Market price,20000,Medium,10199230,13525706,23005016,1288099,1371800,12237607,21633216,12,12,50000,50000,629559,667067,76963,80000,268724,284733,88900,100000,129504,140000,44450,50000,0,0,181226,0,300000,0,181226,300000,11365347,20160261,128967,224955,75812,120000,167296,300000,318958,528000,30,18687306,10493087,40320522,22730694,1124776
Indonesia Mangrove Conservation Large,Asia,Indonesia,IDN,Mangrove,Conservation,,Opex breakeven,40000,Large,10199230,4181197,6129765,1656813,1760933,2524384,4368832,2,2,50000,50000,786949,833833,153925,160000,403085,427100,88900,100000,129504,140000,44450,50000,0,0,362453,0,600000,0,362453,600000,1262192,2238922,257934,449910,75812,120000,167296,300000,398698,660000,1.665842786,109011,0,4477843,2524384,2249552
Indonesia Mangrove Conservation Large,Asia,Indonesia,IDN,Mangrove,Conservation,,Market price,40000,Large,10199230,25649699,44211366,1656813,1760933,23992886,42450432,11,11,50000,50000,786949,833833,153925,160000,403085,427100,88900,100000,129504,140000,44450,50000,0,0,362453,0,600000,0,362453,600000,22730694,40320522,257934,449910,75812,120000,167296,300000,398698,660000,30,38190612,21468502,80641044,45461388,2249552
Indonesia Seagrass Restoration Planting Small,Asia,Indonesia,IDN,Seagrass,Restoration,Planting,Opex breakeven,100,Small,127626,3487384,4749803,1775138,1919653,1712246,2830151,1728,1728,50000,50000,629559,667067,76963,80000,268724,284733,88900,100000,129504,140000,44450,50000,487039,547853,181226,112586,300000,136908,293812,436908,856123,1444838,244,404,75812,120000,167296,300000,318958,528000,1220.13164,59526,0,2889677,1712246,2018
Indonesia Seagrass Restoration Planting Small,Asia,Indonesia,IDN,Seagrass,Restoration,Planting,Market price,100,Small,127626,2652311,3340490,1775138,1919653,877173,1420837,1314,1314,50000,50000,629559,667067,76963,80000,268724,284733,88900,100000,129504,140000,44450,50000,487039,547853,181226,112586,300000,136908,293812,436908,21050,35525,244,404,75812,120000,167296,300000,318958,528000,30,-1349787,-835073,71050,42100,2018
Indonesia Seagrass Restoration Planting Medium,Asia,Indonesia,IDN,Seagrass,Restoration,Planting,Opex breakeven,500,Medium,127626,6269615,8255360,3676464,4111064,2593151,4144295,637,637,50000,50000,629559,667067,76963,80000,268724,284733,88900,100000,129504,140000,44450,50000,2388365,2739264,181226,552107,300000,684542,733333,984542,1296575,2209785,1176,1968,75812,120000,167296,300000,318958,528000,381.4707178,275276,0,4419571,2593151,9838
Indonesia Seagrass Restoration Planting Medium,Asia,Indonesia,IDN,Seagrass,Restoration,Planting,Market price,500,Medium,127626,5075006,6219358,3676464,4111064,1398542,2108294,516,516,50000,50000,629559,667067,76963,80000,268724,284733,88900,100000,129504,140000,44450,50000,2388365,2739264,181226,552107,300000,684542,733333,984542,101967,173784,1176,1968,75812,120000,167296,300000,318958,528000,30,-1760726,-1194609,347568,203933,9838
Indonesia Seagrass Restoration Planting Large,Asia,Indonesia,IDN,Seagrass,Restoration,Planting,Opex breakeven,1000,Large,127626,9577683,12691786,5961605,6930329,3616078,5761457,513,513,50000,50000,629559,667067,153925,160000,268724,284733,88900,100000,129504,140000,44450,50000,4596543,5478529,181226,1062560,300000,1369084,1243786,1669084,1808039,3140640,2186,3734,75812,120000,167296,300000,318958,528000,283.8149964,519822,0,6281279,3616078,18668
Indonesia Seagrass Restoration Planting Large,Asia,Indonesia,IDN,Seagrass,Restoration,Planting,Market price,1000,Large,127626,7960759,9883120,5961605,6930329,1999154,2952792,426,426,50000,50000,629559,667067,153925,160000,268724,284733,88900,100000,129504,140000,44450,50000,4596543,5478529,181226,1062560,300000,1369084,1243786,1669084,191115,331974,2186,3734,75812,120000,167296,300000,318958,528000,30,-2288844,-1616925,663948,382229,18668
Indonesia Seagrass Conservation Small,Asia,Indonesia,IDN,Seagrass,Conservation,,Opex breakeven,400,Small,2035267,2776272,4028927,1288099,1371800,1488173,2657127,375,375,50000,50000,629559,667067,76963,80000,268724,284733,88900,100000,129504,140000,44450,50000,0,0,181226,0,300000,0,181226,300000,744087,1407647,794,1480,75812,120000,167296,300000,318958,528000,310.8540271,158166,0,2815293,1488173,7402
Indonesia Seagrass Conservation Small,Asia,Indonesia,IDN,Seagrass,Conservation,,Market price,400,Small,2035267,2103996,2757130,1288099,1371800,815897,1385330,284,284,50000,50000,629559,667067,76963,80000,268724,284733,88900,100000,129504,140000,44450,50000,0,0,181226,0,300000,0,181226,300000,71811,135850,794,1480,75812,120000,167296,300000,318958,528000,30,-1113631,-672276,271699,143621,7402
Indonesia Seagrass Conservation Medium,Asia,Indonesia,IDN,Seagrass,Conservation,,Opex breakeven,2000,Medium,2035267,2782624,4040856,1288099,1371800,1494525,2669056,75,75,50000,50000,629559,667067,76963,80000,268724,284733,88900,100000,129504,140000,44450,50000,0,0,181226,0,300000,0,181226,300000,747262,1413654,3970,7402,75812,120000,167296,300000,318958,528000,62.43614117,158253,0,2827309,1494525,37011
Indonesia Seagrass Conservation Medium,Asia,Indonesia,IDN,Seagrass,Conservation,,Market price,2000,Medium,2035267,2394414,3306450,1288099,1371800,1106315,1934650,65,65,50000,50000,629559,667067,76963,80000,268724,284733,88900,100000,129504,140000,44450,50000,0,0,181226,0,300000,0,181226,300000,359053,679248,3970,7402,75812,120000,167296,300000,318958,528000,30,-576154,-388209,1358496,718106,37011
Indonesia Seagrass Conservation Large,Asia,Indonesia,IDN,Seagrass,Conservation,,Opex breakeven,4000,Large,2035267,2790563,4055768,1288099,1371800,1502464,2683968,38,38,50000,50000,629559,667067,76963,80000,268724,284733,88900,100000,129504,140000,44450,50000,0,0,181226,0,300000,0,181226,300000,751232,1421164,7939,14804,75812,120000,167296,300000,318958,528000,31.38390542,158360,0,2842328,1502464,74022
Indonesia Seagrass Conservation Large,Asia,Indonesia,IDN,Seagrass,Conservation,,Market price,4000,Large,2035267,2757437,3993101,1288099,1371800,1469337,2621301,37,37,50000,50000,629559,667067,76963,80000,268724,284733,88900,100000,129504,140000,44450,50000,0,0,181226,0,300000,0,181226,300000,718106,1358496,7939,14804,75812,120000,167296,300000,318958,528000,30,95691,-33126,2716992,1436211,74022
Indonesia Salt marsh Restoration Planting Small,Asia,Indonesia,IDN,Salt marsh,Restoration,Planting,Opex breakeven,100,Small,0,3223445,4425864,1594274,1716205,1629171,2709659,755,755,50000,50000,629559,667067,76963,80000,268724,284733,88900,100000,129504,140000,44450,50000,306175,344405,181226,70777,300000,86067,252003,386067,814586,1374738,516,854,75812,120000,167296,300000,318958,528000,548.5729039,39817,0,2749476,1629171,4271
Indonesia Salt marsh Restoration Hydrology Small,Asia,Indonesia,IDN,Salt marsh,Restoration,Hydrology,Opex breakeven,100,Small,0,3649046,4948718,1885140,2043390,1763906,2905328,684,684,50000,50000,629559,667067,76963,80000,268724,284733,88900,100000,129504,140000,44450,50000,597041,671590,181226,138015,300000,167830,319241,467830,881953,1488430,645,1068,75812,120000,167296,300000,318958,528000,475.1523697,71532,0,2976860,1763906,5339
Indonesia Salt marsh Restoration Planting Small,Asia,Indonesia,IDN,Salt marsh,Restoration,Planting,Market price,100,Small,0,2453407,3126307,1594274,1716205,859133,1410102,574,574,50000,50000,629559,667067,76963,80000,268724,284733,88900,100000,129504,140000,44450,50000,306175,344405,181226,70777,300000,86067,252003,386067,44548,75181,516,854,75812,120000,167296,300000,318958,528000,30,-1259740,-770038,150362,89095,4271
Indonesia Salt marsh Restoration Hydrology Small,Asia,Indonesia,IDN,Salt marsh,Restoration,Hydrology,Market price,100,Small,0,2822777,3554264,1885140,2043390,937637,1510874,529,529,50000,50000,629559,667067,76963,80000,268724,284733,88900,100000,129504,140000,44450,50000,597041,671590,181226,138015,300000,167830,319241,467830,55684,93976,645,1068,75812,120000,167296,300000,318958,528000,30,-1322922,-826268,187952,111369,5339
Indonesia Salt marsh Restoration Planting Medium,Asia,Indonesia,IDN,Salt marsh,Restoration,Planting,Opex breakeven,500,Medium,0,4975255,6638913,2789534,3093826,2185721,3545088,239,239,50000,50000,629559,667067,76963,80000,268724,284733,88900,100000,129504,140000,44450,50000,1501435,1722026,181226,347079,300000,430334,528305,730334,1092861,1862590,2489,4164,75812,120000,167296,300000,318958,528000,151.9341198,180091,0,3725179,2185721,20821
Indonesia Salt marsh Restoration Hydrology Medium,Asia,Indonesia,IDN,Salt marsh,Restoration,Hydrology,Opex breakeven,500,Medium,0,7062313,9247716,4215897,4729750,2846416,4517966,271,271,50000,50000,629559,667067,76963,80000,268724,284733,88900,100000,129504,140000,44450,50000,2927797,3357950,181226,676805,300000,839152,858031,1139152,1423208,2425609,3111,5205,75812,120000,167296,300000,318958,528000,158.2883368,333252,0,4851218,2846416,26026
Indonesia Salt marsh Restoration Planting Medium,Asia,Indonesia,IDN,Salt marsh,Restoration,Planting,Market price,500,Medium,0,4098184,5144100,2789534,3093826,1308650,2050274,197,197,50000,50000,629559,667067,76963,80000,268724,284733,88900,100000,129504,140000,44450,50000,1501435,1722026,181226,347079,300000,430334,528305,730334,215790,367776,2489,4164,75812,120000,167296,300000,318958,528000,30,-1314722,-877071,735552,431579,20821
Indonesia Salt marsh Restoration Hydrology Medium,Asia,Indonesia,IDN,Salt marsh,Restoration,Hydrology,Market price,500,Medium,0,5908842,7281826,4215897,4729750,1692945,2552077,227,227,50000,50000,629559,667067,76963,80000,268724,284733,88900,100000,129504,140000,44450,50000,2927797,3357950,181226,676805,300000,839152,858031,1139152,269737,459720,3111,5205,75812,120000,167296,300000,318958,528000,30,-1632638,-1153471,919439,539474,26026
Indonesia Salt marsh Restoration Planting Large,Asia,Indonesia,IDN,Salt marsh,Restoration,Planting,Opex breakeven,1000,Large,0,7086442,9471885,4254657,4895851,2831785,4576034,179,179,50000,50000,629559,667067,153925,160000,268724,284733,88900,100000,129504,140000,44450,50000,2889595,3444051,181226,667974,300000,860668,849200,1160668,1415893,2459465,4626,7901,75812,120000,167296,300000,318958,528000,105.0231134,342895,0,4918929,2831785,39506
Indonesia Salt marsh Restoration Hydrology Large,Asia,Indonesia,IDN,Salt marsh,Restoration,Hydrology,Opex breakeven,1000,Large,0,11103020,14667636,6999772,8167700,4103248,6499937,225,225,50000,50000,629559,667067,153925,160000,268724,284733,88900,100000,129504,140000,44450,50000,5634711,6715900,181226,1302548,300000,1678303,1483774,1978303,2051624,3563757,5783,9877,75812,120000,167296,300000,318958,528000,121.7425347,627576,0,7127513,4103248,49383
Indonesia Salt marsh Restoration Planting Large,Asia,Indonesia,IDN,Salt marsh,Restoration,Planting,Market price,1000,Large,0,6075001,7714970,4254657,4895851,1820344,2819119,154,154,50000,50000,629559,667067,153925,160000,268724,284733,88900,100000,129504,140000,44450,50000,2889595,3444051,181226,667974,300000,860668,849200,1160668,404452,702550,4626,7901,75812,120000,167296,300000,318958,528000,30,-1414020,-1011441,1405099,808903,39506
Indonesia Salt marsh Restoration Hydrology Large,Asia,Indonesia,IDN,Salt marsh,Restoration,Hydrology,Market price,1000,Large,0,9556961,11982066,6999772,8167700,2557189,3814367,194,194,50000,50000,629559,667067,153925,160000,268724,284733,88900,100000,129504,140000,44450,50000,5634711,6715900,181226,1302548,300000,1678303,1483774,1978303,505565,878187,5783,9877,75812,120000,167296,300000,318958,528000,30,-2057993,-1546060,1756374,1011129,49383
Indonesia Salt marsh Conservation Small,Asia,Indonesia,IDN,Salt marsh,Conservation,,Opex breakeven,800,Small,0,2779952,4042743,1288099,1371800,1491853,2670943,113,113,50000,50000,629559,667067,76963,80000,268724,284733,88900,100000,129504,140000,44450,50000,0,0,181226,0,300000,0,181226,300000,745926,1418007,2634,4936,75812,120000,167296,300000,318958,528000,93.75136312,165072,0,2836015,1491853,24680
Indonesia Salt marsh Conservation Small,Asia,Indonesia,IDN,Salt marsh,Conservation,,Market price,800,Small,0,2272719,3078492,1288099,1371800,984620,1706692,92,92,50000,50000,629559,667067,76963,80000,268724,284733,88900,100000,129504,140000,44450,50000,0,0,181226,0,300000,0,181226,300000,238693,453756,2634,4936,75812,120000,167296,300000,318958,528000,30,-799180,-507234,907512,477386,24680
Indonesia Salt marsh Conservation Medium,Asia,Indonesia,IDN,Salt marsh,Conservation,,Opex breakeven,4000,Medium,0,2801022,4082515,1288099,1371800,1512923,2710715,23,23,50000,50000,629559,667067,76963,80000,268724,284733,88900,100000,129504,140000,44450,50000,0,0,181226,0,300000,0,181226,300000,756461,1438034,13169,24680,75812,120000,167296,300000,318958,528000,19.01508884,165354,0,2876069,1512923,123401
Indonesia Salt marsh Conservation Medium,Asia,Indonesia,IDN,Salt marsh,Conservation,,Market price,4000,Medium,0,3238026,4913259,1288099,1371800,1949926,3541459,26,26,50000,50000,629559,667067,76963,80000,268724,284733,88900,100000,129504,140000,44450,50000,0,0,181226,0,300000,0,181226,300000,1193465,2268779,13169,24680,75812,120000,167296,300000,318958,528000,30,996099,437004,4537558,2386930,123401
Indonesia Salt marsh Conservation Large,Asia,Indonesia,IDN,Salt marsh,Conservation,,Opex breakeven,8000,Large,0,2827359,4132228,1288099,1371800,1539260,2760428,11,11,50000,50000,629559,667067,76963,80000,268724,284733,88900,100000,129504,140000,44450,50000,0,0,181226,0,300000,0,181226,300000,769630,1463068,26337,49360,75812,120000,167296,300000,318958,528000,9.673054559,165708,0,2926136,1539260,246801
Indonesia Salt marsh Conservation Large,Asia,Indonesia,IDN,Salt marsh,Conservation,,Market price,8000,Large,0,4444659,7206718,1288099,1371800,3156560,5834918,18,18,50000,50000,629559,667067,76963,80000,268724,284733,88900,100000,129504,140000,44450,50000,0,0,181226,0,300000,0,181226,300000,2386930,4537558,26337,49360,75812,120000,167296,300000,318958,528000,30,3240198,1617300,9075116,4773860,246801
Australia Mangrove Restoration Planting Small,Oceania,Australia,AUS,Mangrove,Restoration,Planting,Opex breakeven,100,Small,503833,4737198,6447647,2369945,2581117,2367253,3866530,508,508,70000,70000,629559,667067,76963,80000,313632,339050,102235,115000,333011,360000,44450,50000,800097,900000,485686,184954,804000,224910,670640,1028910,118363,199755,1127,1865,75812,120000,223062,400000,1278249,2116000,365.0862859,128571,0,3995101,2367253,9325
Australia Mangrove Restoration Hydrology Small,Oceania,Australia,AUS,Mangrove,Restoration,Hydrology,Opex breakeven,100,Small,503833,5179622,6955399,2725544,2981117,2454078,3974283,444,444,70000,70000,629559,667067,76963,80000,313632,339050,102235,115000,333011,360000,44450,50000,1155695,1300000,485686,267156,804000,324870,752842,1128870,122704,207082,1408,2331,75812,120000,223062,400000,1278249,2116000,302.7813827,167349,0,4141632,2454078,11656
Australia Mangrove Restoration Planting Small,Oceania,Australia,AUS,Mangrove,Restoration,Planting,Market price,100,Small,503833,4628562,6264306,2369945,2581117,2258617,3683189,496,496,70000,70000,629559,667067,76963,80000,313632,339050,102235,115000,333011,360000,44450,50000,800097,900000,485686,184954,804000,224910,670640,1028910,9726,16414,1127,1865,75812,120000,223062,400000,1278249,2116000,30,-3354902,-2064094,328287,194523,9325
Australia Mangrove Restoration Hydrology Small,Oceania,Australia,AUS,Mangrove,Restoration,Hydrology,Market price,100,Small,503833,5069076,6768836,2725544,2981117,2343532,3787719,435,435,70000,70000,629559,667067,76963,80000,313632,339050,102235,115000,333011,360000,44450,50000,1155695,1300000,485686,267156,804000,324870,752842,1128870,12158,20518,1408,2331,75812,120000,223062,400000,1278249,2116000,30,-3377360,-2100379,410359,243153,11656
Australia Mangrove Restoration Planting Medium,Oceania,Australia,AUS,Mangrove,Restoration,Planting,Opex breakeven,500,Medium,503833,8625222,11021640,5493400,6181117,3131822,4840524,190,190,70000,70000,629559,667067,76963,80000,313632,339050,102235,115000,333011,360000,44450,50000,3923551,4500000,485686,906988,804000,1124550,1392674,1928550,156591,266882,5434,9092,75812,120000,223062,400000,1278249,2116000,99.71049229,497118,0,5337642,3131822,45458
Australia Mangrove Restoration Hydrology Medium,Oceania,Australia,AUS,Mangrove,Restoration,Hydrology,Opex breakeven,500,Medium,503833,10794775,13559994,7237201,8181117,3557574,5378878,190,190,70000,70000,629559,667067,76963,80000,313632,339050,102235,115000,333011,360000,44450,50000,5667352,6500000,485686,1310094,804000,1624350,1795780,2428350,177879,303163,6792,11365,75812,120000,223062,400000,1278249,2116000,90.6124126,684383,0,6063261,3557574,56823
Australia Mangrove Restoration Planting Medium,Oceania,Australia,AUS,Mangrove,Restoration,Planting,Market price,500,Medium,503833,8515745,10835055,5493400,6181117,3022345,4653939,187,187,70000,70000,629559,667067,76963,80000,313632,339050,102235,115000,333011,360000,44450,50000,3923551,4500000,485686,906988,804000,1124550,1392674,1928550,47114,80297,5434,9092,75812,120000,223062,400000,1278249,2116000,30,-3047997,-2080070,1605942,942275,45458
Australia Mangrove Restoration Hydrology Medium,Oceania,Australia,AUS,Mangrove,Restoration,Hydrology,Market price,500,Medium,503833,10675788,13357203,7237201,8181117,3438588,5176086,188,188,70000,70000,629559,667067,76963,80000,313632,339050,102235,115000,333011,360000,44450,50000,5667352,6500000,485686,1310094,804000,1624350,1795780,2428350,58892,100371,6792,11365,75812,120000,223062,400000,1278249,2116000,30,-3168659,-2260745,2007427,1177843,56823
Australia Mangrove Restoration Planting Large,Oceania,Australia,AUS,Mangrove,Restoration,Planting,Opex breakeven,1000,Large,503833,13217337,16816564,9197906,10761117,4019431,6055447,153,153,70000,70000,629559,667067,153925,160000,313632,339050,102235,115000,333011,360000,44450,50000,7551095,9000000,485686,1745549,804000,2249100,2231235,3053100,200972,349096,10101,17251,75812,120000,223062,400000,1278249,2116000,68.27668708,926473,0,6981920,4019431,86254
Australia Mangrove Restoration Hydrology Large,Oceania,Australia,AUS,Mangrove,Restoration,Hydrology,Opex breakeven,1000,Large,503833,17392669,21891633,12553948,14761117,4838721,7130517,161,161,70000,70000,629559,667067,153925,160000,313632,339050,102235,115000,333011,360000,44450,50000,10907137,13000000,485686,2521349,804000,3248700,3007035,4052700,241936,420253,12626,21564,75812,120000,223062,400000,1278249,2116000,65.75493869,1274543,0,8405060,4838721,107818
Australia Mangrove Restoration Planting Large,Oceania,Australia,AUS,Mangrove,Restoration,Planting,Market price,1000,Large,503833,13104670,16620856,9197906,10761117,3906764,5859740,152,152,70000,70000,629559,667067,153925,160000,313632,339050,102235,115000,333011,360000,44450,50000,7551095,9000000,485686,1745549,804000,2249100,2231235,3053100,88305,153389,10101,17251,75812,120000,223062,400000,1278249,2116000,30,-2791964,-2140672,3067776,1766092,86254
Australia Mangrove Restoration Hydrology Large,Oceania,Australia,AUS,Mangrove,Restoration,Hydrology,Market price,1000,Large,503833,17261114,21663116,12553948,14761117,4707165,6902000,160,160,70000,70000,629559,667067,153925,160000,313632,339050,102235,115000,333011,360000,44450,50000,10907137,13000000,485686,2521349,804000,3248700,3007035,4052700,110381,191736,12626,21564,75812,120000,223062,400000,1278249,2116000,30,-3067280,-2499550,3834720,2207615,107818
Australia Mangrove Conservation Small,Oceania,Australia,AUS,Mangrove,Conservation,,Opex breakeven,4000,Small,1075527,3749410,5330153,1569849,1681117,2179562,3649036,55,55,70000,70000,629559,667067,76963,80000,313632,339050,102235,115000,333011,360000,44450,50000,0,0,485686,0,804000,0,485686,804000,108978,195327,7774,13710,75812,120000,223062,400000,1278249,2116000,47.51416185,257499,0,3906535,2179562,68548
Australia Mangrove Conservation Small,Oceania,Australia,AUS,Mangrove,Conservation,,Market price,4000,Small,1075527,3709240,5258154,1569849,1681117,2139391,3577037,54,54,70000,70000,629559,667067,76963,80000,313632,339050,102235,115000,333011,360000,44450,50000,0,0,485686,0,804000,0,485686,804000,68808,123328,7774,13710,75812,120000,223062,400000,1278249,2116000,30,-1110487,-763236,2466550,1376155,68548
Australia Mangrove Conservation Medium,Oceania,Australia,AUS,Mangrove,Conservation,,Opex breakeven,20000,Medium,1075527,3782144,5387925,1569849,1681117,2212295,3706808,11,11,70000,70000,629559,667067,76963,80000,313632,339050,102235,115000,333011,360000,44450,50000,0,0,485686,0,804000,0,485686,804000,110615,198260,38871,68548,75812,120000,223062,400000,1278249,2116000,9.645550704,258398,0,3965206,2212295,342741
Australia Mangrove Conservation Medium,Oceania,Australia,AUS,Mangrove,Conservation,,Market price,20000,Medium,1075527,4015568,5806302,1569849,1681117,2445719,4125186,12,12,70000,70000,629559,667067,76963,80000,313632,339050,102235,115000,333011,360000,44450,50000,0,0,485686,0,804000,0,485686,804000,344039,616638,38871,68548,75812,120000,223062,400000,1278249,2116000,30,8207565,4435056,12332751,6880775,342741
Australia Mangrove Conservation Large,Oceania,Australia,AUS,Mangrove,Conservation,,Opex breakeven,40000,Large,1075527,5061860,7285394,1961017,2097408,3100843,5187986,7,7,70000,70000,786949,833833,153925,160000,470447,508575,102235,115000,333011,360000,44450,50000,0,0,971373,0,1608000,0,971373,1608000,155042,277890,77743,137096,75812,120000,223062,400000,1597812,2645000,6.759797118,369807,0,5557793,3100843,685481
Australia Mangrove Conservation Large,Oceania,Australia,AUS,Mangrove,Conservation,,Market price,40000,Large,1075527,5594895,8240780,1961017,2097408,3633878,6143371,8,8,70000,70000,786949,833833,153925,160000,470447,508575,102235,115000,333011,360000,44450,50000,0,0,971373,0,1608000,0,971373,1608000,688077,1233275,77743,137096,75812,120000,223062,400000,1597812,2645000,30,18522130,10127672,24665501,13761550,685481
Australia Seagrass Restoration Planting Small,Oceania,Australia,AUS,Seagrass,Restoration,Planting,Opex breakeven,100,Small,297424,6466464,8431196,3761525,4146455,2704939,4284741,3204,3204,70000,70000,629559,667067,76963,80000,313632,339050,102235,115000,333011,360000,44450,50000,2191676,2465338,485686,506639,804000,616088,992325,1420088,135247,228250,244,404,75812,120000,223062,400000,1278249,2116000,1927.516102,280257,0,4564998,2704939,2018
Australia Seagrass Restoration Planting Small,Oceania,Australia,AUS,Seagrass,Restoration,Planting,Market price,100,Small,297424,6333322,8206499,3761525,4146455,2571797,4060044,3138,3138,70000,70000,629559,667067,76963,80000,313632,339050,102235,115000,333011,360000,44450,50000,2191676,2465338,485686,506639,804000,616088,992325,1420088,2105,3552,244,404,75812,120000,223062,400000,1278249,2116000,30,-3988994,-2529697,71050,42100,2018
Australia Seagrass Restoration Planting Medium,Oceania,Australia,AUS,Seagrass,Restoration,Planting,Opex breakeven,500,Medium,297424,17105351,20938216,12317492,14007806,4787858,6930411,1739,1739,70000,70000,629559,667067,76963,80000,313632,339050,102235,115000,333011,360000,44450,50000,10747644,12326689,485686,2484480,804000,3080440,2970166,3884440,239393,408003,1176,1968,75812,120000,223062,400000,1278249,2116000,704.3276042,1229654,0,8160065,4787858,9838
Australia Seagrass Restoration Planting Medium,Oceania,Australia,AUS,Seagrass,Restoration,Planting,Market price,500,Medium,297424,16876154,20547592,12317492,14007806,4558662,6539786,1715,1715,70000,70000,629559,667067,76963,80000,313632,339050,102235,115000,333011,360000,44450,50000,10747644,12326689,485686,2484480,804000,3080440,2970166,3884440,10197,17378,1176,1968,75812,120000,223062,400000,1278249,2116000,30,-6192218,-4354729,347568,203933,9838
Australia Seagrass Restoration Planting Large,Oceania,Australia,AUS,Seagrass,Restoration,Planting,Opex breakeven,1000,Large,297424,29538116,36645039,22331256,26414495,7206860,10230544,1582,1582,70000,70000,629559,667067,153925,160000,313632,339050,102235,115000,333011,360000,44450,50000,20684445,24653378,485686,4781521,804000,6160879,5267207,6964879,360343,625931,2186,3734,75812,120000,223062,400000,1278249,2116000,565.6445293,2288073,0,12518617,7206860,18668
Australia Seagrass Restoration Planting Large,Oceania,Australia,AUS,Seagrass,Restoration,Planting,Market price,1000,Large,297424,29196884,36052305,22331256,26414495,6865628,9637810,1564,1564,70000,70000,629559,667067,153925,160000,313632,339050,102235,115000,333011,360000,44450,50000,20684445,24653378,485686,4781521,804000,6160879,5267207,6964879,19111,33197,2186,3734,75812,120000,223062,400000,1278249,2116000,30,-8973862,-6483399,663948,382229,18668
Australia Seagrass Conservation Small,Oceania,Australia,AUS,Seagrass,Conservation,,Opex breakeven,400,Small,4743078,3742063,5328064,1569849,1681117,2172214,3646948,506,506,70000,70000,629559,667067,76963,80000,313632,339050,102235,115000,333011,360000,44450,50000,0,0,485686,0,804000,0,485686,804000,108611,205467,794,1480,75812,120000,223062,400000,1278249,2116000,453.738445,462398,0,4109346,2172214,7402
Australia Seagrass Conservation Small,Oceania,Australia,AUS,Seagrass,Conservation,,Market price,400,Small,4743078,3640633,5136182,1569849,1681117,2070784,3455065,492,492,70000,70000,629559,667067,76963,80000,313632,339050,102235,115000,333011,360000,44450,50000,0,0,485686,0,804000,0,485686,804000,7181,13585,794,1480,75812,120000,223062,400000,1278249,2116000,30,-3183366,-1927163,271699,143621,7402
Australia Seagrass Conservation Medium,Oceania,Australia,AUS,Seagrass,Conservation,,Opex breakeven,2000,Medium,4743078,3745405,5334302,1569849,1681117,2175557,3653186,101,101,70000,70000,629559,667067,76963,80000,313632,339050,102235,115000,333011,360000,44450,50000,0,0,485686,0,804000,0,485686,804000,108778,205783,3970,7402,75812,120000,223062,400000,1278249,2116000,90.88733939,462484,0,4115670,2175557,37011
Australia Seagrass Conservation Medium,Oceania,Australia,AUS,Seagrass,Conservation,,Market price,2000,Medium,4743078,3672533,5196444,1569849,1681117,2102684,3515327,99,99,70000,70000,629559,667067,76963,80000,313632,339050,102235,115000,333011,360000,44450,50000,0,0,485686,0,804000,0,485686,804000,35905,67925,3970,7402,75812,120000,223062,400000,1278249,2116000,30,-2156831,-1384578,1358496,718106,37011
Australia Seagrass Conservation Large,Oceania,Australia,AUS,Seagrass,Conservation,,Opex breakeven,4000,Large,4743078,3749584,5342100,1569849,1681117,2179735,3660983,51,51,70000,70000,629559,667067,76963,80000,313632,339050,102235,115000,333011,360000,44450,50000,0,0,485686,0,804000,0,485686,804000,108987,206179,7939,14804,75812,120000,223062,400000,1278249,2116000,45.53095119,462592,0,4123575,2179735,74022
Australia Seagrass Conservation Large,Oceania,Australia,AUS,Seagrass,Conservation,,Market price,4000,Large,4743078,3712408,5271771,1569849,1681117,2142559,3590654,50,50,70000,70000,629559,667067,76963,80000,313632,339050,102235,115000,333011,360000,44450,50000,0,0,485686,0,804000,0,485686,804000,71811,135850,7939,14804,75812,120000,223062,400000,1278249,2116000,30,-873662,-706348,2716992,1436211,74022
Australia Salt marsh Restoration Planting Small,Oceania,Australia,AUS,Salt marsh,Restoration,Planting,Opex breakeven,100,Small,118798,5454816,7270657,2947636,3230940,2507181,4039717,1277,1277,70000,70000,629559,667067,76963,80000,313632,339050,102235,115000,333011,360000,44450,50000,1377787,1549823,485686,318496,804000,387301,804182,1191301,125359,211563,516,854,75812,120000,223062,400000,1278249,2116000,844.2152569,191534,0,4231251,2507181,4271
Australia Salt marsh Restoration Hydrology Small,Oceania,Australia,AUS,Salt marsh,Restoration,Hydrology,Opex breakeven,100,Small,118798,6216306,8144399,3559986,3919750,2656321,4224650,1164,1164,70000,70000,629559,667067,76963,80000,313632,339050,102235,115000,333011,360000,44450,50000,1990137,2238633,485686,460050,804000,559434,945736,1363434,132816,224147,645,1068,75812,120000,223062,400000,1278249,2116000,715.5467867,258297,0,4482947,2656321,5339
Australia Salt marsh Restoration Planting Small,Oceania,Australia,AUS,Salt marsh,Restoration,Planting,Market price,100,Small,118798,5333912,7066613,2947636,3230940,2386276,3835673,1249,1249,70000,70000,629559,667067,76963,80000,313632,339050,102235,115000,333011,360000,44450,50000,1377787,1549823,485686,318496,804000,387301,804182,1191301,4455,7518,516,854,75812,120000,223062,400000,1278249,2116000,30,-3685311,-2297181,150362,89095,4271
Australia Salt marsh Restoration Hydrology Small,Oceania,Australia,AUS,Salt marsh,Restoration,Hydrology,Market price,100,Small,118798,6089058,7929650,3559986,3919750,2529073,4009900,1141,1141,70000,70000,629559,667067,76963,80000,313632,339050,102235,115000,333011,360000,44450,50000,1990137,2238633,485686,460050,804000,559434,945736,1363434,5568,9398,645,1068,75812,120000,223062,400000,1278249,2116000,30,-3821948,-2417704,187952,111369,5339
Australia Salt marsh Restoration Planting Medium,Oceania,Australia,AUS,Salt marsh,Restoration,Planting,Opex breakeven,500,Medium,118798,12144362,15136260,8326304,9430232,3818058,5706028,583,583,70000,70000,629559,667067,76963,80000,313632,339050,102235,115000,333011,360000,44450,50000,6756455,7749115,485686,1561857,804000,1936504,2047543,2740504,190903,325360,2489,4164,75812,120000,223062,400000,1278249,2116000,265.4012497,801182,0,6507210,3818058,20821
Australia Salt marsh Restoration Hydrology Medium,Oceania,Australia,AUS,Salt marsh,Restoration,Hydrology,Opex breakeven,500,Medium,118798,15878579,19504343,11329173,12874283,4549406,6630061,610,610,70000,70000,629559,667067,76963,80000,313632,339050,102235,115000,333011,360000,44450,50000,9759325,11193166,485686,2256015,804000,2797172,2741701,3601172,227470,387683,3111,5205,75812,120000,223062,400000,1278249,2116000,252.9910401,1123603,0,7753664,4549406,26026
Australia Salt marsh Restoration Planting Medium,Oceania,Australia,AUS,Salt marsh,Restoration,Planting,Market price,500,Medium,118798,11975038,14847677,8326304,9430232,3648734,5417446,575,575,70000,70000,629559,667067,76963,80000,313632,339050,102235,115000,333011,360000,44450,50000,6756455,7749115,485686,1561857,804000,1936504,2047543,2740504,21579,36778,2489,4164,75812,120000,223062,400000,1278249,2116000,30,-4681894,-3217155,735552,431579,20821
Australia Salt marsh Restoration Hydrology Medium,Oceania,Australia,AUS,Salt marsh,Restoration,Hydrology,Market price,500,Medium,118798,15678082,19162632,11329173,12874283,4348909,6288349,602,602,70000,70000,629559,667067,76963,80000,313632,339050,102235,115000,333011,360000,44450,50000,9759325,11193166,485686,2256015,804000,2797172,2741701,3601172,26974,45972,3111,5205,75812,120000,223062,400000,1278249,2116000,30,-5368910,-3809435,919439,539474,26026
Australia Salt marsh Restoration Planting Large,Oceania,Australia,AUS,Salt marsh,Restoration,Planting,Opex breakeven,1000,Large,118798,19990323,25044075,14649990,17259347,5340333,7784728,506,506,70000,70000,629559,667067,153925,160000,313632,339050,102235,115000,333011,360000,44450,50000,13003178,15498230,485686,3005881,804000,3873008,3491567,4677008,267017,463819,4626,7901,75812,120000,223062,400000,1278249,2116000,198.0582484,1491654,0,9276382,5340333,39506
Australia Salt marsh Restoration Hydrology Large,Oceania,Australia,AUS,Salt marsh,Restoration,Hydrology,Opex breakeven,1000,Large,118798,27176991,33777731,20429180,24147449,6747811,9630282,550,550,70000,70000,629559,667067,153925,160000,313632,339050,102235,115000,333011,360000,44450,50000,18782369,22386332,485686,4341828,804000,5594344,4827514,6398344,337391,586061,5783,9877,75812,120000,223062,400000,1278249,2116000,200.2061695,2090947,0,11721229,6747811,49383
Australia Salt marsh Restoration Planting Large,Oceania,Australia,AUS,Salt marsh,Restoration,Planting,Market price,1000,Large,118798,19763751,24650510,14649990,17259347,5113762,7391164,500,500,70000,70000,629559,667067,153925,160000,313632,339050,102235,115000,333011,360000,44450,50000,13003178,15498230,485686,3005881,804000,3873008,3491567,4677008,40445,70255,4626,7901,75812,120000,223062,400000,1278249,2116000,30,-5986065,-4304859,1405099,808903,39506
Australia Salt marsh Restoration Hydrology Large,Oceania,Australia,AUS,Salt marsh,Restoration,Hydrology,Market price,1000,Large,118798,26890157,33279488,20429180,24147449,6460977,9132040,545,545,70000,70000,629559,667067,153925,160000,313632,339050,102235,115000,333011,360000,44450,50000,18782369,22386332,485686,4341828,804000,5594344,4827514,6398344,50556,87819,5783,9877,75812,120000,223062,400000,1278249,2116000,30,-7375666,-5449848,1756374,1011129,49383
Australia Salt marsh Conservation Small,Oceania,Australia,AUS,Salt marsh,Conservation,,Opex breakeven,800,Small,2542546,3743999,5332706,1569849,1681117,2174151,3651589,152,152,70000,70000,629559,667067,76963,80000,313632,339050,102235,115000,333011,360000,44450,50000,0,0,485686,0,804000,0,485686,804000,108708,206653,2634,4936,75812,120000,223062,400000,1278249,2116000,136.6284647,481475,0,4133064,2174151,24680
Australia Salt marsh Conservation Small,Oceania,Australia,AUS,Salt marsh,Conservation,,Market price,800,Small,2542546,3659161,5171428,1569849,1681117,2089312,3490312,148,148,70000,70000,629559,667067,76963,80000,313632,339050,102235,115000,333011,360000,44450,50000,0,0,485686,0,804000,0,485686,804000,23869,45376,2634,4936,75812,120000,223062,400000,1278249,2116000,30,-2582800,-1611926,907512,477386,24680
Australia Salt marsh Conservation Medium,Oceania,Australia,AUS,Salt marsh,Conservation,,Opex breakeven,4000,Medium,2542546,3755089,5353504,1569849,1681117,2185240,3672387,30,30,70000,70000,629559,667067,76963,80000,313632,339050,102235,115000,333011,360000,44450,50000,0,0,485686,0,804000,0,485686,804000,109262,207707,13169,24680,75812,120000,223062,400000,1278249,2116000,27.46506989,481758,0,4154145,2185240,123401
Australia Salt marsh Conservation Medium,Oceania,Australia,AUS,Salt marsh,Conservation,,Market price,4000,Medium,2542546,3765173,5372675,1569849,1681117,2195325,3691558,31,31,70000,70000,629559,667067,76963,80000,313632,339050,102235,115000,333011,360000,44450,50000,0,0,485686,0,804000,0,485686,804000,119347,226878,13169,24680,75812,120000,223062,400000,1278249,2116000,30,846000,191605,4537558,2386930,123401
Australia Salt marsh Conservation Large,Oceania,Australia,AUS,Salt marsh,Conservation,,Opex breakeven,8000,Large,2542546,3768951,5379502,1569849,1681117,2199102,3698385,15,15,70000,70000,629559,667067,76963,80000,313632,339050,102235,115000,333011,360000,44450,50000,0,0,485686,0,804000,0,485686,804000,109955,209025,26337,49360,75812,120000,223062,400000,1278249,2116000,13.81964554,482111,0,4180496,2199102,246801
Australia Salt marsh Conservation Large,Oceania,Australia,AUS,Salt marsh,Conservation,,Market price,8000,Large,2542546,3897688,5624233,1569849,1681117,2327840,3943116,16,16,70000,70000,629559,667067,76963,80000,313632,339050,102235,115000,333011,360000,44450,50000,0,0,485686,0,804000,0,485686,804000,238693,453756,26337,49360,75812,120000,223062,400000,1278249,2116000,30,5132000,2446020,9075116,4773860,246801
The Bahamas Mangrove Restoration Planting Small,North America,The Bahamas,BHS,Mangrove,Restoration,Planting,Opex breakeven,100,Small,73816,19263461,29953065,3882949,4285867,15380512,25667199,2007,2007,70000,70000,629559,667067,76963,80000,286112,309300,111125,125000,296010,320000,44450,50000,2368731,2664500,402322,547568,666000,665859,949890,1331859,13073435,22063420,1160,1920,75812,120000,223062,400000,1057153,1750000,2304.039505,289766,0,25956965,15380512,9600
The Bahamas Mangrove Restoration Hydrology Small,North America,The Bahamas,BHS,Mangrove,Restoration,Hydrology,Opex breakeven,100,Small,73816,22544600,34623530,5173416,5737467,17371185,28886063,1879,1879,70000,70000,629559,667067,76963,80000,286112,309300,111125,125000,296010,320000,44450,50000,3659198,4116100,402322,845879,666000,1028613,1248201,1694613,14765507,24919050,1450,2400,75812,120000,223062,400000,1057153,1750000,2081.797822,430466,-1,29316529,17371184,12000
The Bahamas Mangrove Restoration Planting Small,North America,The Bahamas,BHS,Mangrove,Restoration,Planting,Market price,100,Small,73816,6360250,8176924,3882949,4285867,2477301,3891058,663,663,70000,70000,629559,667067,76963,80000,286112,309300,111125,125000,296010,320000,44450,50000,2368731,2664500,402322,547568,666000,665859,949890,1331859,170224,287279,1160,1920,75812,120000,223062,400000,1057153,1750000,30,-3553082,-2277037,337976,200264,9600
The Bahamas Mangrove Restoration Hydrology Small,North America,The Bahamas,BHS,Mangrove,Restoration,Hydrology,Market price,100,Small,73816,7991874,10063579,5173416,5737467,2818458,4326112,666,666,70000,70000,629559,667067,76963,80000,286112,309300,111125,125000,296010,320000,44450,50000,3659198,4116100,402322,845879,666000,1028613,1248201,1694613,212780,359099,1450,2400,75812,120000,223062,400000,1057153,1750000,30,-3903643,-2568128,422469,250330,12000
The Bahamas Mangrove Restoration Planting Medium,North America,The Bahamas,BHS,Mangrove,Restoration,Planting,Opex breakeven,500,Medium,73816,42790986,64187519,13130109,14943867,29660877,49243653,914,914,70000,70000,629559,667067,76963,80000,286112,309300,111125,125000,296010,320000,44450,50000,11615891,13322500,402322,2685189,666000,3329293,3087511,3995293,25211745,42969000,5594,9360,75812,120000,223062,400000,1057153,1750000,917.2675595,1308112,0,50551765,29660877,46800
The Bahamas Mangrove Restoration Hydrology Medium,North America,The Bahamas,BHS,Mangrove,Restoration,Hydrology,Opex breakeven,500,Medium,73816,58881034,87403313,19458361,22201867,39422673,65201446,1007,1007,70000,70000,629559,667067,76963,80000,286112,309300,111125,125000,296010,320000,44450,50000,17944144,20580500,402322,4148059,666000,5143067,4550381,5809067,33509271,57110679,6993,11700,75812,120000,223062,400000,1057153,1750000,975.3221774,1987588,-1,67189034,39422672,58500
The Bahamas Mangrove Restoration Planting Medium,North America,The Bahamas,BHS,Mangrove,Restoration,Planting,Market price,500,Medium,73816,18403812,22623856,13130109,14943867,5273703,7679990,393,393,70000,70000,629559,667067,76963,80000,286112,309300,111125,125000,296010,320000,44450,50000,11615891,13322500,402322,2685189,666000,3329293,3087511,3995293,824571,1405337,5594,9360,75812,120000,223062,400000,1057153,1750000,30,-6026652,-4303619,1653338,970084,46800
The Bahamas Mangrove Restoration Hydrology Medium,North America,The Bahamas,BHS,Mangrove,Restoration,Hydrology,Market price,500,Medium,73816,26402477,32049305,19458361,22201867,6944115,9847438,451,451,70000,70000,629559,667067,76963,80000,286112,309300,111125,125000,296010,320000,44450,50000,17944144,20580500,402322,4148059,666000,5143067,4550381,5809067,1030714,1756671,6993,11700,75812,120000,223062,400000,1057153,1750000,30,-7780766,-5731510,2066672,1212605,58500
The Bahamas Mangrove Restoration Planting Large,North America,The Bahamas,BHS,Mangrove,Restoration,Planting,Opex breakeven,1000,Large,73816,70190241,106236755,23946616,28346367,46243625,77890388,790,790,70000,70000,629559,667067,153925,160000,286112,309300,111125,125000,296010,320000,44450,50000,22355436,26645000,402322,5167796,666000,6658586,5570118,7324586,39307081,68278043,10399,17760,75812,120000,223062,400000,1057153,1750000,763.0060981,2436721,-1,80327109,46243624,88800
The Bahamas Mangrove Restoration Hydrology Large,North America,The Bahamas,BHS,Mangrove,Restoration,Hydrology,Opex breakeven,1000,Large,73816,101155831,152122757,36125693,42862367,65030137,109260390,911,911,70000,70000,629559,667067,153925,160000,286112,309300,111125,125000,296010,320000,44450,50000,34534513,41161000,402322,7983174,666000,10286134,8385496,10952134,55275616,96016056,12999,22200,75812,120000,223062,400000,1057153,1750000,858.3823849,3699676,-1,112960066,65030136,111000
The Bahamas Mangrove Restoration Planting Large,North America,The Bahamas,BHS,Mangrove,Restoration,Planting,Market price,1000,Large,73816,32428643,40643280,23946616,28346367,8482027,12296913,365,365,70000,70000,629559,667067,153925,160000,286112,309300,111125,125000,296010,320000,44450,50000,22355436,26645000,402322,5167796,666000,6658586,5570118,7324586,1545482,2684567,10399,17760,75812,120000,223062,400000,1057153,1750000,30,-9138598,-6663813,3158315,1818214,88800
The Bahamas Mangrove Restoration Hydrology Large,North America,The Bahamas,BHS,Mangrove,Restoration,Hydrology,Market price,1000,Large,73816,47812068,59462410,36125693,42862367,11686374,16600043,431,431,70000,70000,629559,667067,153925,160000,286112,309300,111125,125000,296010,320000,44450,50000,34534513,41161000,402322,7983174,666000,10286134,8385496,10952134,1931853,3355709,12999,22200,75812,120000,223062,400000,1057153,1750000,30,-12652150,-9413606,3947893,2272768,111000
The Bahamas Mangrove Conservation Small,North America,The Bahamas,BHS,Mangrove,Conservation,,Opex breakeven,4000,Small,962945,13540378,23234609,1514218,1621367,12026161,21613243,33,33,70000,70000,629559,667067,76963,80000,286112,309300,111125,125000,296010,320000,44450,50000,0,0,402322,0,666000,0,402322,666000,10222236,18595525,45575,81718,75812,120000,223062,400000,1057153,1750000,44.41444929,263845,0,21877088,12026161,408591
The Bahamas Mangrove Conservation Small,North America,The Bahamas,BHS,Mangrove,Conservation,,Market price,4000,Small,962945,10222811,17199541,1514218,1621367,8708594,15578174,25,25,70000,70000,629559,667067,76963,80000,286112,309300,111125,125000,296010,320000,44450,50000,0,0,402322,0,666000,0,402322,666000,6904669,12560456,45575,81718,75812,120000,223062,400000,1057153,1750000,30,-801167,-585453,14777007,8123141,408591
The Bahamas Mangrove Conservation Medium,North America,The Bahamas,BHS,Mangrove,Conservation,,Opex breakeven,20000,Medium,962945,14755714,25440703,1514218,1621367,13241496,23819337,7,7,70000,70000,629559,667067,76963,80000,286112,309300,111125,125000,296010,320000,44450,50000,0,0,402322,0,666000,0,402322,666000,11255272,20474746,227875,408591,75812,120000,223062,400000,1057153,1750000,9.780574582,268600,1,24087937,13241497,2042953
The Bahamas Mangrove Conservation Medium,North America,The Bahamas,BHS,Mangrove,Conservation,,Market price,20000,Medium,962945,38023789,67768237,1514218,1621367,36509571,66146870,19,19,70000,70000,629559,667067,76963,80000,286112,309300,111125,125000,296010,320000,44450,50000,0,0,402322,0,666000,0,402322,666000,34523347,62802280,227875,408591,75812,120000,223062,400000,1057153,1750000,30,7738165,4106132,73885035,40615703,2042953
The Bahamas Mangrove Conservation Large,North America,The Bahamas,BHS,Mangrove,Conservation,,Opex breakeven,40000,Large,962945,21096362,36574908,1891626,2022783,19204736,34552125,5,5,70000,70000,786949,833833,153925,160000,429168,463950,111125,125000,296010,320000,44450,50000,0,0,804645,0,1332000,0,804645,1332000,16324027,29695443,455749,817181,75812,120000,223062,400000,1321441,2187500,7.09260321,383691,2,34935816,19204738,4085906
The Bahamas Mangrove Conservation Large,North America,The Bahamas,BHS,Mangrove,Conservation,,Market price,40000,Large,962945,73819030,132484024,1891626,2022783,71927404,130461241,18,18,70000,70000,786949,833833,153925,160000,429168,463950,111125,125000,296010,320000,44450,50000,0,0,804645,0,1332000,0,804645,1332000,69046695,125604560,455749,817181,75812,120000,223062,400000,1321441,2187500,30,17308829,9304002,147770070,81231406,4085906
The Bahamas Seagrass Restoration Planting Small,North America,The Bahamas,BHS,Seagrass,Restoration,Planting,Opex breakeven,100,Small,16369,29726304,44842979,8002797,8920136,21723506,35922843,14730,14730,70000,70000,629559,667067,76963,80000,286112,309300,111125,125000,296010,320000,44450,50000,6488580,7298770,402322,1499933,666000,1823963,1902255,2489963,18464980,31162477,244,404,75812,120000,223062,400000,1057153,1750000,15479.98116,738894,0,36661737,21723506,2018
The Bahamas Seagrass Restoration Planting Small,North America,The Bahamas,BHS,Seagrass,Restoration,Planting,Market price,100,Small,16369,11297108,13740895,8002797,8920136,3294311,4820759,5598,5598,70000,70000,629559,667067,76963,80000,286112,309300,111125,125000,296010,320000,44450,50000,6488580,7298770,402322,1499933,666000,1823963,1902255,2489963,35785,60392,244,404,75812,120000,223062,400000,1057153,1750000,30,-4749709,-3252211,71050,42100,2018
The Bahamas Seagrass Restoration Planting Medium,North America,The Bahamas,BHS,Seagrass,Restoration,Planting,Opex breakeven,500,Medium,16369,94099651,138203873,33333214,38115215,60766437,100088658,9565,9565,70000,70000,629559,667067,76963,80000,286112,309300,111125,125000,296010,320000,44450,50000,31818996,36493848,402322,7355441,666000,9119813,7757763,9785813,51651471,88030878,1176,1968,75812,120000,223062,400000,1057153,1750000,8939.170051,3477081,0,103565739,60766437,9838
The Bahamas Seagrass Restoration Planting Medium,North America,The Bahamas,BHS,Seagrass,Restoration,Planting,Market price,500,Medium,16369,42621524,50468428,33333214,38115215,9288309,12353213,4332,4332,70000,70000,629559,667067,76963,80000,286112,309300,111125,125000,296010,320000,44450,50000,31818996,36493848,402322,7355441,666000,9119813,7757763,9785813,173343,295433,1176,1968,75812,120000,223062,400000,1057153,1750000,30,-12005645,-9084376,347568,203933,9838
The Bahamas Seagrass Restoration Planting Large,North America,The Bahamas,BHS,Seagrass,Restoration,Planting,Opex breakeven,1000,Large,16369,168938585,252538238,62828628,74689063,106109957,177849175,9050,9050,70000,70000,629559,667067,153925,160000,286112,309300,111125,125000,296010,320000,44450,50000,61237447,72987697,402322,14155960,666000,18239625,14558282,18905625,90193463,156669816,2186,3734,75812,120000,223062,400000,1057153,1750000,8328.248134,6468255,-1,184317430,106109956,18668
The Bahamas Seagrass Restoration Planting Large,North America,The Bahamas,BHS,Seagrass,Restoration,Planting,Market price,1000,Large,16369,79070017,96432778,62828628,74689063,16241390,21743715,4236,4236,70000,70000,629559,667067,153925,160000,286112,309300,111125,125000,296010,320000,44450,50000,61237447,72987697,402322,14155960,666000,18239625,14558282,18905625,324895,564356,2186,3734,75812,120000,223062,400000,1057153,1750000,30,-21079767,-15859161,663948,382229,18668
The Bahamas Seagrass Conservation Small,North America,The Bahamas,BHS,Seagrass,Conservation,,Opex breakeven,400,Small,261039,13241837,23416988,1514218,1621367,11727619,21795621,1789,1789,70000,70000,629559,667067,76963,80000,286112,309300,111125,125000,296010,320000,44450,50000,0,0,402322,0,666000,0,402322,666000,9968476,18858141,794,1480,75812,120000,223062,400000,1057153,1750000,2449.699438,390427,-1,22186048,11727618,7402
The Bahamas Seagrass Conservation Small,North America,The Bahamas,BHS,Seagrass,Conservation,,Market price,400,Small,261039,3395439,4789791,1514218,1621367,1881221,3168425,459,459,70000,70000,629559,667067,76963,80000,286112,309300,111125,125000,296010,320000,44450,50000,0,0,402322,0,666000,0,402322,666000,122078,230944,794,1480,75812,120000,223062,400000,1057153,1750000,30,-2896726,-1737600,271699,143621,7402
The Bahamas Seagrass Conservation Medium,North America,The Bahamas,BHS,Seagrass,Conservation,,Opex breakeven,2000,Medium,261039,13263008,23456953,1514218,1621367,11748790,21835586,358,358,70000,70000,629559,667067,76963,80000,286112,309300,111125,125000,296010,320000,44450,50000,0,0,402322,0,666000,0,402322,666000,9986471,18892184,3970,7402,75812,120000,223062,400000,1057153,1750000,490.8243452,390513,-1,22226099,11748789,37011
The Bahamas Seagrass Conservation Medium,North America,The Bahamas,BHS,Seagrass,Conservation,,Market price,2000,Medium,261039,3886926,5719491,1514218,1621367,2372708,4098124,105,105,70000,70000,629559,667067,76963,80000,286112,309300,111125,125000,296010,320000,44450,50000,0,0,402322,0,666000,0,402322,666000,610390,1154722,3970,7402,75812,120000,223062,400000,1057153,1750000,30,-2739628,-1654602,1358496,718106,37011
The Bahamas Seagrass Conservation Large,North America,The Bahamas,BHS,Seagrass,Conservation,,Opex breakeven,4000,Large,261039,13289472,23506910,1514218,1621367,11775254,21885543,180,180,70000,70000,629559,667067,76963,80000,286112,309300,111125,125000,296010,320000,44450,50000,0,0,402322,0,666000,0,402322,666000,10008965,18934739,7939,14804,75812,120000,223062,400000,1057153,1750000,245.9649587,390620,-1,22276163,11775253,74022
The Bahamas Seagrass Conservation Large,North America,The Bahamas,BHS,Seagrass,Conservation,,Market price,4000,Large,261039,4501286,6881614,1514218,1621367,2987068,5260248,61,61,70000,70000,629559,667067,76963,80000,286112,309300,111125,125000,296010,320000,44450,50000,0,0,402322,0,666000,0,402322,666000,1220779,2309443,7939,14804,75812,120000,223062,400000,1057153,1750000,30,-2543256,-1550857,2716992,1436211,74022
The Bahamas Salt marsh Restoration Planting Small,North America,The Bahamas,BHS,Salt marsh,Restoration,Planting,Opex breakeven,100,Small,2933,23605172,36131399,5593233,6209704,18011939,29921695,5527,5527,70000,70000,629559,667067,76963,80000,286112,309300,111125,125000,296010,320000,44450,50000,4079015,4588337,402322,942926,666000,1146625,1345248,1812625,15310148,25838216,516,854,75812,120000,223062,400000,1057153,1750000,6064.961475,476206,0,30397901,18011939,4271
The Bahamas Salt marsh Restoration Hydrology Small,North America,The Bahamas,BHS,Salt marsh,Restoration,Hydrology,Opex breakeven,100,Small,2933,29252910,44169904,7815450,8709396,21437460,35460508,5479,5479,70000,70000,629559,667067,76963,80000,286112,309300,111125,125000,296010,320000,44450,50000,6301232,7088029,402322,1456625,666000,1771299,1858947,2437299,18221840,30752141,645,1068,75812,120000,223062,400000,1057153,1750000,5774.719255,718482,-1,36178990,21437459,5339
The Bahamas Salt marsh Restoration Planting Small,North America,The Bahamas,BHS,Salt marsh,Restoration,Planting,Market price,100,Small,2933,8370755,10420991,5593233,6209704,2777522,4211287,1960,1960,70000,70000,629559,667067,76963,80000,286112,309300,111125,125000,296010,320000,44450,50000,4079015,4588337,402322,942926,666000,1146625,1345248,1812625,75731,127807,516,854,75812,120000,223062,400000,1057153,1750000,30,-4060925,-2688427,150362,89095,4271
The Bahamas Salt marsh Restoration Hydrology Small,North America,The Bahamas,BHS,Salt marsh,Restoration,Hydrology,Market price,100,Small,2933,11125733,13577521,7815450,8709396,3310283,4868125,2084,2084,70000,70000,629559,667067,76963,80000,286112,309300,111125,125000,296010,320000,44450,50000,6301232,7088029,402322,1456625,666000,1771299,1858947,2437299,94664,159759,645,1068,75812,120000,223062,400000,1057153,1750000,30,-4680173,-3198914,187952,111369,5339
The Bahamas Salt marsh Restoration Planting Medium,North America,The Bahamas,BHS,Salt marsh,Restoration,Planting,Opex breakeven,500,Medium,2933,64082418,94899727,21517080,24563052,42565339,70336675,3078,3078,70000,70000,629559,667067,76963,80000,286112,309300,111125,125000,296010,320000,44450,50000,20002862,22941685,402322,4623963,666000,5733127,5026285,6399127,36180537,61663383,2489,4164,75812,120000,223062,400000,1057153,1750000,2958.806606,2208482,-1,72545157,42565338,20821
The Bahamas Salt marsh Restoration Hydrology Medium,North America,The Bahamas,BHS,Salt marsh,Restoration,Hydrology,Opex breakeven,500,Medium,2933,91777985,134857678,32414492,37061514,59363493,97796164,3526,3526,70000,70000,629559,667067,76963,80000,286112,309300,111125,125000,296010,320000,44450,50000,30900274,35440147,402322,7143064,666000,8856493,7545386,9522493,50458968,85998466,3111,5205,75812,120000,223062,400000,1057153,1750000,3301.185449,3378502,-1,101174666,59363492,26026
The Bahamas Salt marsh Restoration Planting Medium,North America,The Bahamas,BHS,Salt marsh,Restoration,Planting,Market price,500,Medium,2933,28268723,33861562,21517080,24563052,6751644,9298510,1358,1358,70000,70000,629559,667067,76963,80000,286112,309300,111125,125000,296010,320000,44450,50000,20002862,22941685,402322,4623963,666000,5733127,5026285,6399127,366843,625219,2489,4164,75812,120000,223062,400000,1057153,1750000,30,-8562958,-6320065,735552,431579,20821
The Bahamas Salt marsh Restoration Hydrology Medium,North America,The Bahamas,BHS,Salt marsh,Restoration,Hydrology,Market price,500,Medium,2933,41777569,49640735,32414492,37061514,9363078,12579221,1605,1605,70000,70000,629559,667067,76963,80000,286112,309300,111125,125000,296010,320000,44450,50000,30900274,35440147,402322,7143064,666000,8856493,7545386,9522493,458553,781523,3111,5205,75812,120000,223062,400000,1057153,1750000,30,-11659782,-8823604,919439,539474,26026
The Bahamas Salt marsh Restoration Planting Large,North America,The Bahamas,BHS,Salt marsh,Restoration,Planting,Opex breakeven,1000,Large,2933,111168158,166943994,40087812,47584737,71080346,119359257,2814,2814,70000,70000,629559,667067,153925,160000,286112,309300,111125,125000,296010,320000,44450,50000,38496632,45883371,402322,8899077,666000,11466254,9301399,12132254,60418293,104949101,4626,7901,75812,120000,223062,400000,1057153,1750000,2636.174229,4110274,-1,123469531,71080345,39506
The Bahamas Salt marsh Restoration Hydrology Large,North America,The Bahamas,BHS,Salt marsh,Restoration,Hydrology,Opex breakeven,1000,Large,2933,164469560,245922510,61060494,72581660,103409065,173340850,3331,3331,70000,70000,629559,667067,153925,160000,286112,309300,111125,125000,296010,320000,44450,50000,59469314,70880294,402322,13747229,666000,17712985,14149551,18378985,87897704,152681988,5783,9877,75812,120000,223062,400000,1057153,1750000,3068.125916,6285018,-1,179625868,103409064,49383
The Bahamas Salt marsh Restoration Planting Large,North America,The Bahamas,BHS,Salt marsh,Restoration,Planting,Market price,1000,Large,2933,51437433,63189227,40087812,47584737,11349621,15604490,1302,1302,70000,70000,629559,667067,153925,160000,286112,309300,111125,125000,296010,320000,44450,50000,38496632,45883371,402322,8899077,666000,11466254,9301399,12132254,687568,1194334,4626,7901,75812,120000,223062,400000,1057153,1750000,30,-14199391,-10540718,1405099,808903,39506
The Bahamas Salt marsh Restoration Hydrology Large,North America,The Bahamas,BHS,Salt marsh,Restoration,Hydrology,Market price,1000,Large,2933,77431315,94733440,61060494,72581660,16370821,22151780,1568,1568,70000,70000,629559,667067,153925,160000,286112,309300,111125,125000,296010,320000,44450,50000,59469314,70880294,402322,13747229,666000,17712985,14149551,18378985,859460,1492918,5783,9877,75812,120000,223062,400000,1057153,1750000,30,-20395406,-15359692,1756374,1011129,49383
The Bahamas Salt marsh Conservation Small,North America,The Bahamas,BHS,Salt marsh,Conservation,,Opex breakeven,800,Small,62778,13254102,23532210,1514218,1621367,11739884,21910843,537,537,70000,70000,629559,667067,76963,80000,286112,309300,111125,125000,296010,320000,44450,50000,0,0,402322,0,666000,0,402322,666000,9978901,18969907,2634,4936,75812,120000,223062,400000,1057153,1750000,737.7604321,406695,0,22317538,11739884,24680
The Bahamas Salt marsh Conservation Small,North America,The Bahamas,BHS,Salt marsh,Conservation,,Market price,800,Small,62778,3680979,5333688,1514218,1621367,2166761,3712321,149,149,70000,70000,629559,667067,76963,80000,286112,309300,111125,125000,296010,320000,44450,50000,0,0,402322,0,666000,0,402322,666000,405778,771385,2634,4936,75812,120000,223062,400000,1057153,1750000,30,-2804809,-1689375,907512,477386,24680
The Bahamas Salt marsh Conservation Medium,North America,The Bahamas,BHS,Salt marsh,Conservation,,Opex breakeven,4000,Medium,62778,13324335,23665441,1514218,1621367,11810118,22044074,108,108,70000,70000,629559,667067,76963,80000,286112,309300,111125,125000,296010,320000,44450,50000,0,0,402322,0,666000,0,402322,666000,10038600,19083394,13169,24680,75812,120000,223062,400000,1057153,1750000,148.4348126,406978,-1,22451052,11810117,123401
The Bahamas Salt marsh Conservation Medium,North America,The Bahamas,BHS,Salt marsh,Conservation,,Market price,4000,Medium,62778,5314626,8438971,1514218,1621367,3800408,6817604,43,43,70000,70000,629559,667067,76963,80000,286112,309300,111125,125000,296010,320000,44450,50000,0,0,402322,0,666000,0,402322,666000,2028891,3856924,13169,24680,75812,120000,223062,400000,1057153,1750000,30,-2280046,-1413478,4537558,2386930,123401
The Bahamas Salt marsh Conservation Large,North America,The Bahamas,BHS,Salt marsh,Conservation,,Opex breakeven,8000,Large,62778,13412127,23831979,1514218,1621367,11897909,22210613,54,54,70000,70000,629559,667067,76963,80000,286112,309300,111125,125000,296010,320000,44450,50000,0,0,402322,0,666000,0,402322,666000,10113223,19225253,26337,49360,75812,120000,223062,400000,1057153,1750000,74.76911018,407331,0,22617944,11897909,246801
The Bahamas Salt marsh Conservation Large,North America,The Bahamas,BHS,Salt marsh,Conservation,,Market price,8000,Large,62778,7356686,12320575,1514218,1621367,5842468,10699209,30,30,70000,70000,629559,667067,76963,80000,286112,309300,111125,125000,296010,320000,44450,50000,0,0,402322,0,666000,0,402322,666000,4057781,7713848,26337,49360,75812,120000,223062,400000,1057153,1750000,30,-1624093,-1068608,9075116,4773860,246801
Kenya Mangrove Restoration Planting Small,Africa,Kenya,KEN,Mangrove,Restoration,Planting,Opex breakeven,100,Small,30584,2543470,3470785,1313170,1401267,1230300,2069518,105,105,50000,50000,629559,667067,76963,80000,249345,264200,88900,100000,129504,140000,44450,50000,44450,50000,144981,10275,240000,12495,155256,252495,615150,1038159,2938,4864,75812,120000,167296,300000,213847,354000,72.75078406,6801,0,2076319,1230300,24320
Kenya Mangrove Restoration Hydrology Small,Africa,Kenya,KEN,Mangrove,Restoration,Hydrology,Opex breakeven,100,Small,30584,2556639,3487611,1321171,1410267,1235468,2077345,84,84,50000,50000,629559,667067,76963,80000,249345,264200,88900,100000,129504,140000,44450,50000,52451,59000,144981,12125,240000,14744,157106,254744,617734,1042520,3673,6080,75812,120000,167296,300000,213847,354000,58.44511582,7696,0,2085041,1235468,30400
Kenya Mangrove Restoration Planting Small,Africa,Kenya,KEN,Mangrove,Restoration,Planting,Market price,100,Small,30584,2181987,2860728,1313170,1401267,868817,1459461,90,90,50000,50000,629559,667067,76963,80000,249345,264200,88900,100000,129504,140000,44450,50000,44450,50000,144981,10275,240000,12495,155256,252495,253667,428102,2938,4864,75812,120000,167296,300000,213847,354000,30,-603256,-361482,856205,507335,24320
Kenya Mangrove Restoration Hydrology Small,Africa,Kenya,KEN,Mangrove,Restoration,Hydrology,Market price,100,Small,30584,2255989,2980219,1321171,1410267,934818,1569952,74,74,50000,50000,629559,667067,76963,80000,249345,264200,88900,100000,129504,140000,44450,50000,52451,59000,144981,12125,240000,14744,157106,254744,317084,535128,3673,6080,75812,120000,167296,300000,213847,354000,30,-499696,-300650,1070256,634168,30400
Kenya Mangrove Restoration Planting Medium,Africa,Kenya,KEN,Mangrove,Restoration,Planting,Opex breakeven,500,Medium,30584,2819688,3837380,1486695,1601267,1332992,2236113,24,24,50000,50000,629559,667067,76963,80000,249345,264200,88900,100000,129504,140000,44450,50000,217975,250000,144981,50388,240000,62475,195369,302475,666496,1135926,14172,23712,75812,120000,167296,300000,213847,354000,16.27224135,35739,0,2271852,1332992,118560
Kenya Mangrove Restoration Hydrology Medium,Africa,Kenya,KEN,Mangrove,Restoration,Hydrology,Opex breakeven,500,Medium,30584,2884149,3921049,1525931,1646267,1358218,2274783,19,19,50000,50000,629559,667067,76963,80000,249345,264200,88900,100000,129504,140000,44450,50000,257211,295000,144981,59458,240000,73720,204439,313720,679109,1157422,17715,29640,75812,120000,167296,300000,213847,354000,13.26414236,40061,0,2314844,1358218,148200
Kenya Mangrove Restoration Planting Medium,Africa,Kenya,KEN,Mangrove,Restoration,Planting,Market price,500,Medium,30584,3381964,4795681,1486695,1601267,1895269,3194415,29,29,50000,50000,629559,667067,76963,80000,249345,264200,88900,100000,129504,140000,44450,50000,217975,250000,144981,50388,240000,62475,195369,302475,1228773,2094228,14172,23712,75812,120000,167296,300000,213847,354000,30,994040,562276,4188455,2457545,118560
Kenya Mangrove Restoration Hydrology Medium,Africa,Kenya,KEN,Mangrove,Restoration,Hydrology,Market price,500,Medium,30584,3741006,5381412,1525931,1646267,2215075,3735145,25,25,50000,50000,629559,667067,76963,80000,249345,264200,88900,100000,129504,140000,44450,50000,257211,295000,144981,59458,240000,73720,204439,313720,1535966,2617785,17715,29640,75812,120000,167296,300000,213847,354000,30,1500424,856857,5235569,3071932,148200
Kenya Mangrove Restoration Planting Large,Africa,Kenya,KEN,Mangrove,Restoration,Planting,Opex breakeven,1000,Large,30584,3215698,4375007,1765188,1931267,1450510,2443740,14,14,50000,50000,629559,667067,153925,160000,249345,264200,88900,100000,129504,140000,44450,50000,419505,500000,144981,96975,240000,124950,241956,364950,725255,1259798,26344,44992,75812,120000,167296,300000,213847,354000,9.44722998,75856,0,2519596,1450510,224960
Kenya Mangrove Restoration Hydrology Large,Africa,Kenya,KEN,Mangrove,Restoration,Hydrology,Opex breakeven,1000,Large,30584,3339292,4540507,1840699,2021267,1498593,2519240,12,12,50000,50000,629559,667067,153925,160000,249345,264200,88900,100000,129504,140000,44450,50000,495016,590000,144981,114430,240000,147441,259411,387441,749296,1301559,32930,56240,75812,120000,167296,300000,213847,354000,7.808316334,83878,0,2603118,1498593,281200
Kenya Mangrove Restoration Planting Large,Africa,Kenya,KEN,Mangrove,Restoration,Planting,Market price,1000,Large,30584,4793515,7115740,1765188,1931267,3028327,5184474,21,21,50000,50000,629559,667067,153925,160000,249345,264200,88900,100000,129504,140000,44450,50000,419505,500000,144981,96975,240000,124950,241956,364950,2303072,4000532,26344,44992,75812,120000,167296,300000,213847,354000,30,2816590,1577816,8001064,4606143,224960
Kenya Mangrove Restoration Hydrology Large,Africa,Kenya,KEN,Mangrove,Restoration,Hydrology,Market price,1000,Large,30584,5468835,8239612,1840699,2021267,3628136,6218346,19,19,50000,50000,629559,667067,153925,160000,249345,264200,88900,100000,129504,140000,44450,50000,495016,590000,144981,114430,240000,147441,259411,387441,2878840,5000665,32930,56240,75812,120000,167296,300000,213847,354000,30,3782983,2129543,10001329,5757679,281200
Kenya Mangrove Conservation Small,Africa,Kenya,KEN,Mangrove,Conservation,,Opex breakeven,4000,Small,113006,2502528,3510097,1268720,1351267,1233808,2158831,19,19,50000,50000,629559,667067,76963,80000,249345,264200,88900,100000,129504,140000,44450,50000,0,0,144981,0,240000,0,144981,240000,616904,1118111,14968,26720,75812,120000,167296,300000,213847,354000,13.90105092,77391,0,2236222,1233808,133598
Kenya Mangrove Conservation Small,Africa,Kenya,KEN,Mangrove,Conservation,,Market price,4000,Small,113006,3216971,4804993,1268720,1351267,1948250,3453727,24,24,50000,50000,629559,667067,76963,80000,249345,264200,88900,100000,129504,140000,44450,50000,0,0,144981,0,240000,0,144981,240000,1331347,2413007,14968,26720,75812,120000,167296,300000,213847,354000,30,1372287,714443,4826014,2662693,133598
Kenya Mangrove Conservation Medium,Africa,Kenya,KEN,Mangrove,Conservation,,Opex breakeven,20000,Medium,113006,2622269,3725488,1268720,1351267,1353548,2374221,4,4,50000,50000,629559,667067,76963,80000,249345,264200,88900,100000,129504,140000,44450,50000,0,0,144981,0,240000,0,144981,240000,676774,1226623,74838,133598,75812,120000,167296,300000,213847,354000,3.050028725,79026,0,2453247,1353548,667990
Kenya Mangrove Conservation Medium,Africa,Kenya,KEN,Mangrove,Conservation,,Market price,20000,Medium,113006,8602227,14563900,1268720,1351267,7333507,13212633,13,13,50000,50000,629559,667067,76963,80000,249345,264200,88900,100000,129504,140000,44450,50000,0,0,144981,0,240000,0,144981,240000,6656733,12065035,74838,133598,75812,120000,167296,300000,213847,354000,30,10917438,5979958,24130071,13313465,667990
Kenya Mangrove Conservation Large,Africa,Kenya,KEN,Mangrove,Conservation,,Opex breakeven,40000,Large,113006,3527855,5061762,1627745,1730133,1900110,3331629,3,3,50000,50000,786949,833833,153925,160000,374017,396300,88900,100000,129504,140000,44450,50000,0,0,289962,0,480000,0,289962,480000,950055,1721933,149676,267196,75812,120000,167296,300000,267309,442500,2.140813472,112236,0,3443865,1900110,1335980
Kenya Mangrove Conservation Large,Africa,Kenya,KEN,Mangrove,Conservation,,Market price,40000,Large,113006,15891265,27469900,1627745,1730133,14263520,25739767,12,12,50000,50000,786949,833833,153925,160000,374017,396300,88900,100000,129504,140000,44450,50000,0,0,289962,0,480000,0,289962,480000,13313465,24130071,149676,267196,75812,120000,167296,300000,267309,442500,30,22520375,12363410,48260142,26626930,1335980
Kenya Seagrass Restoration Planting Small,Africa,Kenya,KEN,Seagrass,Restoration,Planting,Opex breakeven,100,Small,842,2651134,3600633,1390480,1488230,1260653,2112403,1314,1314,50000,50000,629559,667067,76963,80000,249345,264200,88900,100000,129504,140000,44450,50000,121760,136963,144981,28147,240000,34227,173128,274227,630327,1063773,244,404,75812,120000,167296,300000,213847,354000,898.3306512,15142,0,2127545,1260653,2018
Kenya Seagrass Restoration Planting Small,Africa,Kenya,KEN,Seagrass,Restoration,Planting,Market price,100,Small,842,2041857,2572386,1390480,1488230,651377,1084156,1012,1012,50000,50000,629559,667067,76963,80000,249345,264200,88900,100000,129504,140000,44450,50000,121760,136963,144981,28147,240000,34227,173128,274227,21050,35525,244,404,75812,120000,167296,300000,213847,354000,30,-1013106,-609277,71050,42100,2018
Kenya Seagrass Restoration Planting Medium,Africa,Kenya,KEN,Seagrass,Restoration,Planting,Opex breakeven,500,Medium,842,3348090,4486327,1865812,2036083,1482278,2450245,340,340,50000,50000,629559,667067,76963,80000,249345,264200,88900,100000,129504,140000,44450,50000,597091,684816,144981,138027,240000,171136,283008,411136,741139,1263141,1176,1968,75812,120000,167296,300000,213847,354000,218.0534966,76038,0,2526283,1482278,9838
Kenya Seagrass Restoration Planting Medium,Africa,Kenya,KEN,Seagrass,Restoration,Planting,Market price,500,Medium,842,2708917,3396970,1865812,2036083,843106,1360887,275,275,50000,50000,629559,667067,76963,80000,249345,264200,88900,100000,129504,140000,44450,50000,597091,684816,144981,138027,240000,171136,283008,411136,101967,173784,1176,1968,75812,120000,167296,300000,213847,354000,30,-1013319,-639173,347568,203933,9838
Kenya Seagrass Restoration Planting Large,Africa,Kenya,KEN,Seagrass,Restoration,Planting,Opex breakeven,1000,Large,842,4234343,5671717,2494819,2800899,1739525,2870818,227,227,50000,50000,629559,667067,153925,160000,249345,264200,88900,100000,129504,140000,44450,50000,1149136,1369632,144981,265640,240000,342271,410621,582271,869762,1510814,2186,3734,75812,120000,167296,300000,213847,354000,136.5300191,150809,0,3021627,1739525,18668
Kenya Seagrass Restoration Planting Large,Africa,Kenya,KEN,Seagrass,Restoration,Planting,Market price,1000,Large,842,3555696,4492877,2494819,2800899,1060877,1691979,190,190,50000,50000,629559,667067,153925,160000,249345,264200,88900,100000,129504,140000,44450,50000,1149136,1369632,144981,265640,240000,342271,410621,582271,191115,331974,2186,3734,75812,120000,167296,300000,213847,354000,30,-1028031,-678648,663948,382229,18668
Kenya Seagrass Conservation Small,Africa,Kenya,KEN,Seagrass,Conservation,,Opex breakeven,400,Small,13429,2474181,3506979,1268720,1351267,1205460,2155712,334,334,50000,50000,629559,667067,76963,80000,249345,264200,88900,100000,129504,140000,44450,50000,0,0,144981,0,240000,0,144981,240000,602730,1140232,794,1480,75812,120000,167296,300000,213847,354000,251.8001106,124751,0,2280463,1205460,7402
Kenya Seagrass Conservation Small,Africa,Kenya,KEN,Seagrass,Conservation,,Market price,400,Small,13429,1943261,2502597,1268720,1351267,674541,1151330,263,263,50000,50000,629559,667067,76963,80000,249345,264200,88900,100000,129504,140000,44450,50000,0,0,144981,0,240000,0,144981,240000,71811,135850,794,1480,75812,120000,167296,300000,213847,354000,30,-879631,-530920,271699,143621,7402
Kenya Seagrass Conservation Medium,Africa,Kenya,KEN,Seagrass,Conservation,,Opex breakeven,2000,Medium,13429,2480532,3518908,1268720,1351267,1211812,2167641,67,67,50000,50000,629559,667067,76963,80000,249345,264200,88900,100000,129504,140000,44450,50000,0,0,144981,0,240000,0,144981,240000,605906,1146239,3970,7402,75812,120000,167296,300000,213847,354000,50.62535788,124837,0,2292478,1211812,37011
Kenya Seagrass Conservation Medium,Africa,Kenya,KEN,Seagrass,Conservation,,Market price,2000,Medium,13429,2233679,3051917,1268720,1351267,964959,1700650,60,60,50000,50000,629559,667067,76963,80000,249345,264200,88900,100000,129504,140000,44450,50000,0,0,144981,0,240000,0,144981,240000,359053,679248,3970,7402,75812,120000,167296,300000,213847,354000,30,-342154,-246853,1358496,718106,37011
Kenya Seagrass Conservation Large,Africa,Kenya,KEN,Seagrass,Conservation,,Opex breakeven,4000,Large,13429,2488471,3533820,1268720,1351267,1219751,2182553,34,34,50000,50000,629559,667067,76963,80000,249345,264200,88900,100000,129504,140000,44450,50000,0,0,144981,0,240000,0,144981,240000,609875,1153749,7939,14804,75812,120000,167296,300000,213847,354000,25.47851378,124944,0,2307497,1219751,74022
Kenya Seagrass Conservation Large,Africa,Kenya,KEN,Seagrass,Conservation,,Market price,4000,Large,13429,2596701,3738567,1268720,1351267,1327981,2387301,35,35,50000,50000,629559,667067,76963,80000,249345,264200,88900,100000,129504,140000,44450,50000,0,0,144981,0,240000,0,144981,240000,718106,1358496,7939,14804,75812,120000,167296,300000,213847,354000,30,329691,108230,2716992,1436211,74022
Kenya Salt marsh Restoration Planting Small,Africa,Kenya,KEN,Salt marsh,Restoration,Planting,Opex breakeven,100,Small,18,2585557,3520331,1345264,1437368,1240293,2082963,605,605,50000,50000,629559,667067,76963,80000,249345,264200,88900,100000,129504,140000,44450,50000,76544,86101,144981,17694,240000,21517,162675,261517,620147,1046592,516,854,75812,120000,167296,300000,213847,354000,417.6301791,10221,0,2093184,1240293,4271
Kenya Salt marsh Restoration Hydrology Small,Africa,Kenya,KEN,Salt marsh,Restoration,Hydrology,Opex breakeven,100,Small,18,2605963,3545508,1359042,1452866,1246921,2092642,488,488,50000,50000,629559,667067,76963,80000,249345,264200,88900,100000,129504,140000,44450,50000,90322,101600,144981,20879,240000,25390,165860,265390,623460,1052185,645,1068,75812,120000,167296,300000,213847,354000,335.8895422,11728,0,2104370,1246921,5339
Kenya Salt marsh Restoration Planting Small,Africa,Kenya,KEN,Salt marsh,Restoration,Planting,Market price,100,Small,18,2009958,2548920,1345264,1437368,664694,1111552,471,471,50000,50000,629559,667067,76963,80000,249345,264200,88900,100000,129504,140000,44450,50000,76544,86101,144981,17694,240000,21517,162675,261517,44548,75181,516,854,75812,120000,167296,300000,213847,354000,30,-961190,-575599,150362,89095,4271
Kenya Salt marsh Restoration Hydrology Small,Africa,Kenya,KEN,Salt marsh,Restoration,Hydrology,Market price,100,Small,18,2038187,2587300,1359042,1452866,679145,1134433,382,382,50000,50000,629559,667067,76963,80000,249345,264200,88900,100000,129504,140000,44450,50000,90322,101600,144981,20879,240000,25390,165860,265390,55684,93976,645,1068,75812,120000,167296,300000,213847,354000,30,-946481,-567776,187952,111369,5339
Kenya Salt marsh Restoration Planting Medium,Africa,Kenya,KEN,Salt marsh,Restoration,Planting,Opex breakeven,500,Medium,18,3026469,4085541,1644079,1781773,1382390,2303768,145,145,50000,50000,629559,667067,76963,80000,249345,264200,88900,100000,129504,140000,44450,50000,375359,430506,144981,86770,240000,107584,231751,347584,691195,1178020,2489,4164,75812,120000,167296,300000,213847,354000,96.09282664,52273,0,2356041,1382390,20821
Kenya Salt marsh Restoration Hydrology Medium,Africa,Kenya,KEN,Salt marsh,Restoration,Hydrology,Opex breakeven,500,Medium,18,3126515,4211118,1711644,1859264,1414871,2351854,120,120,50000,50000,629559,667067,76963,80000,249345,264200,88900,100000,129504,140000,44450,50000,442923,507998,144981,102388,240000,126949,247369,366949,707436,1205700,3111,5205,75812,120000,167296,300000,213847,354000,78.68054779,59546,0,2411400,1414871,26026
Kenya Salt marsh Restoration Planting Medium,Africa,Kenya,KEN,Salt marsh,Restoration,Planting,Market price,500,Medium,18,2551064,3275297,1644079,1781773,906985,1493523,123,123,50000,50000,629559,667067,76963,80000,249345,264200,88900,100000,129504,140000,44450,50000,375359,430506,144981,86770,240000,107584,231751,347584,215790,367776,2489,4164,75812,120000,167296,300000,213847,354000,30,-757971,-475406,735552,431579,20821
Kenya Salt marsh Restoration Hydrology Medium,Africa,Kenya,KEN,Salt marsh,Restoration,Hydrology,Market price,500,Medium,18,2688816,3465138,1711644,1859264,977173,1605873,103,103,50000,50000,629559,667067,76963,80000,249345,264200,88900,100000,129504,140000,44450,50000,442923,507998,144981,102388,240000,126949,247369,366949,269737,459720,3111,5205,75812,120000,167296,300000,213847,354000,30,-686434,-437699,919439,539474,26026
Kenya Salt marsh Restoration Planting Large,Africa,Kenya,KEN,Salt marsh,Restoration,Planting,Opex breakeven,1000,Large,18,3615194,4873047,2068082,2292279,1547112,2580767,92,92,50000,50000,629559,667067,153925,160000,249345,264200,88900,100000,129504,140000,44450,50000,722399,861013,144981,166993,240000,215167,311974,455167,773556,1343699,4626,7901,75812,120000,167296,300000,213847,354000,57.37812108,106631,0,2687398,1547112,39506
Kenya Salt marsh Restoration Hydrology Large,Africa,Kenya,KEN,Salt marsh,Restoration,Hydrology,Opex breakeven,1000,Large,18,3807656,5122957,2198113,2447262,1609543,2675695,77,77,50000,50000,629559,667067,153925,160000,249345,264200,88900,100000,129504,140000,44450,50000,852431,1015995,144981,197052,240000,253897,342033,493897,804771,1397921,5783,9877,75812,120000,167296,300000,213847,354000,47.75480531,120148,0,2795843,1609543,49383
Kenya Salt marsh Restoration Planting Large,Africa,Kenya,KEN,Salt marsh,Restoration,Planting,Market price,1000,Large,18,3246089,4231897,2068082,2292279,1178008,1939618,82,82,50000,50000,629559,667067,153925,160000,249345,264200,88900,100000,129504,140000,44450,50000,722399,861013,144981,166993,240000,215167,311974,455167,404452,702550,4626,7901,75812,120000,167296,300000,213847,354000,30,-534519,-369105,1405099,808903,39506
Kenya Salt marsh Restoration Hydrology Large,Africa,Kenya,KEN,Salt marsh,Restoration,Hydrology,Market price,1000,Large,18,3508449,4603222,2198113,2447262,1310336,2155961,71,71,50000,50000,629559,667067,153925,160000,249345,264200,88900,100000,129504,140000,44450,50000,852431,1015995,144981,197052,240000,253897,342033,493897,505565,878187,5783,9877,75812,120000,167296,300000,213847,354000,30,-399587,-299207,1756374,1011129,49383
Kenya Salt marsh Conservation Small,Africa,Kenya,KEN,Salt marsh,Conservation,,Opex breakeven,800,Small,399,2477860,3519491,1268720,1351267,1209140,2168225,100,100,50000,50000,629559,667067,76963,80000,249345,264200,88900,100000,129504,140000,44450,50000,0,0,144981,0,240000,0,144981,240000,604570,1149289,2634,4936,75812,120000,167296,300000,213847,354000,75.985051,130352,0,2298577,1209140,24680
Kenya Salt marsh Conservation Small,Africa,Kenya,KEN,Salt marsh,Conservation,,Market price,800,Small,399,2111983,2823958,1268720,1351267,843263,1472692,86,86,50000,50000,629559,667067,76963,80000,249345,264200,88900,100000,129504,140000,44450,50000,0,0,144981,0,240000,0,144981,240000,238693,453756,2634,4936,75812,120000,167296,300000,213847,354000,30,-565180,-365877,907512,477386,24680
Kenya Salt marsh Conservation Medium,Africa,Kenya,KEN,Salt marsh,Conservation,,Opex breakeven,4000,Medium,399,2498930,3559262,1268720,1351267,1230210,2207996,20,20,50000,50000,629559,667067,76963,80000,249345,264200,88900,100000,129504,140000,44450,50000,0,0,144981,0,240000,0,144981,240000,615105,1169316,13169,24680,75812,120000,167296,300000,213847,354000,15.46182642,130635,0,2338631,1230210,123401
Kenya Salt marsh Conservation Medium,Africa,Kenya,KEN,Salt marsh,Conservation,,Market price,4000,Medium,399,3077290,4658726,1268720,1351267,1808570,3307459,25,25,50000,50000,629559,667067,76963,80000,249345,264200,88900,100000,129504,140000,44450,50000,0,0,144981,0,240000,0,144981,240000,1193465,2268779,13169,24680,75812,120000,167296,300000,213847,354000,30,1230099,578360,4537558,2386930,123401
Kenya Salt marsh Conservation Large,Africa,Kenya,KEN,Salt marsh,Conservation,,Opex breakeven,8000,Large,399,2525268,3608976,1268720,1351267,1256547,2257709,10,10,50000,50000,629559,667067,76963,80000,249345,264200,88900,100000,129504,140000,44450,50000,0,0,144981,0,240000,0,144981,240000,628274,1194349,26337,49360,75812,120000,167296,300000,213847,354000,7.896423347,130990,0,2388699,1256547,246801
Kenya Salt marsh Conservation Large,Africa,Kenya,KEN,Salt marsh,Conservation,,Market price,8000,Large,399,4283924,6952185,1268720,1351267,3015204,5600918,17,17,50000,50000,629559,667067,76963,80000,249345,264200,88900,100000,129504,140000,44450,50000,0,0,144981,0,240000,0,144981,240000,2386930,4537558,26337,49360,75812,120000,167296,300000,213847,354000,30,3474198,1758656,9075116,4773860,246801
Mexico Mangrove Restoration Planting Small,North America,Mexico,MEX,Mangrove,Restoration,Planting,Opex breakeven,100,Small,1258401,4907387,6514585,2714597,2976067,2192790,3538518,209,209,50000,50000,629559,667067,76963,80000,274072,290400,88900,100000,129504,140000,44450,50000,1421150,1598600,143773,328520,238000,399490,472293,637490,1096395,1850335,2835,4693,75812,120000,167296,300000,378159,626000,134.3804781,162151,0,3700669,2192790,23467
Mexico Mangrove Restoration Hydrology Small,North America,Mexico,MEX,Mangrove,Restoration,Hydrology,Opex breakeven,100,Small,1258401,3179017,4392357,1531698,1645467,1647318,2746891,108,108,50000,50000,629559,667067,76963,80000,274072,290400,88900,100000,129504,140000,44450,50000,238251,268000,143773,55075,238000,66973,198848,304973,823659,1390051,3544,5867,75812,120000,167296,300000,378159,626000,80.76190954,33211,0,2780102,1647318,29333
Mexico Mangrove Restoration Hybrid Small,North America,Mexico,MEX,Mangrove,Restoration,Hybrid,Opex breakeven,100,Small,1258401,3866980,5237342,2002155,2174667,1864825,3062675,132,132,50000,50000,629559,667067,76963,80000,274072,290400,88900,100000,129504,140000,44450,50000,708708,797200,143773,163829,238000,199220,307602,437220,932412,1573588,3544,5867,75812,120000,167296,300000,378159,626000,91.42544157,84502,0,3147177,1864825,29333
Mexico Mangrove Restoration Planting Small,North America,Mexico,MEX,Mangrove,Restoration,Planting,Market price,100,Small,1258401,4055759,5077331,2714597,2976067,1341162,2101265,173,173,50000,50000,629559,667067,76963,80000,274072,290400,88900,100000,129504,140000,44450,50000,1421150,1598600,143773,328520,238000,399490,472293,637490,244767,413081,2835,4693,75812,120000,167296,300000,378159,626000,30,-1275103,-851629,826162,489533,23467
Mexico Mangrove Restoration Hydrology Small,North America,Mexico,MEX,Mangrove,Restoration,Hydrology,Market price,100,Small,1258401,2661316,3518658,1531698,1645467,1129617,1873191,91,91,50000,50000,629559,667067,76963,80000,274072,290400,88900,100000,129504,140000,44450,50000,238251,268000,143773,55075,238000,66973,198848,304973,305958,516351,3544,5867,75812,120000,167296,300000,378159,626000,30,-840488,-517700,1032703,611917,29333
Mexico Mangrove Restoration Hybrid Small,North America,Mexico,MEX,Mangrove,Restoration,Hybrid,Market price,100,Small,1258401,3240526,4180105,2002155,2174667,1238371,2005438,110,110,50000,50000,629559,667067,76963,80000,274072,290400,88900,100000,129504,140000,44450,50000,708708,797200,143773,163829,238000,199220,307602,437220,305958,516351,3544,5867,75812,120000,167296,300000,378159,626000,30,-972735,-626454,1032703,611917,29333
Mexico Mangrove Restoration Planting Medium,North America,Mexico,MEX,Mangrove,Restoration,Planting,Opex breakeven,500,Medium,1258401,13041999,16747668,8262546,9370467,4779453,7377201,114,114,50000,50000,629559,667067,76963,80000,274072,290400,88900,100000,129504,140000,44450,50000,6969099,7993000,143773,1611012,238000,1997451,1754785,2235451,2389727,4072870,13674,22880,75812,120000,167296,300000,378159,626000,60.46585308,768539,0,8145740,4779453,114400
Mexico Mangrove Restoration Hydrology Medium,North America,Mexico,MEX,Mangrove,Restoration,Hydrology,Opex breakeven,500,Medium,1258401,4566221,6158247,2461794,2717467,2104428,3440780,32,32,50000,50000,629559,667067,76963,80000,274072,290400,88900,100000,129504,140000,44450,50000,1168346,1340000,143773,270081,238000,334866,413854,572866,1052214,1793314,17093,28600,75812,120000,167296,300000,378159,626000,21.29883987,145848,0,3586628,2104428,143000
Mexico Mangrove Restoration Hybrid Medium,North America,Mexico,MEX,Mangrove,Restoration,Hybrid,Opex breakeven,500,Medium,1258401,7939887,10374414,4768842,5363467,3171046,5010947,56,56,50000,50000,629559,667067,76963,80000,274072,290400,88900,100000,129504,140000,44450,50000,3475394,3986000,143773,803390,238000,996101,947163,1234101,1585523,2702246,17093,28600,75812,120000,167296,300000,378159,626000,32.09404334,393544,0,5404491,3171046,143000
Mexico Mangrove Restoration Planting Medium,North America,Mexico,MEX,Mangrove,Restoration,Planting,Market price,500,Medium,1258401,11837930,14695543,8262546,9370467,3575384,5325076,103,103,50000,50000,629559,667067,76963,80000,274072,290400,88900,100000,129504,140000,44450,50000,6969099,7993000,143773,1611012,238000,1997451,1754785,2235451,1185658,2020746,13674,22880,75812,120000,167296,300000,378159,626000,30,-1283585,-1204069,4041491,2371315,114400
Mexico Mangrove Restoration Hydrology Medium,North America,Mexico,MEX,Mangrove,Restoration,Hydrology,Market price,500,Medium,1258401,4996079,6890865,2461794,2717467,2534286,4173398,35,35,50000,50000,629559,667067,76963,80000,274072,290400,88900,100000,129504,140000,44450,50000,1168346,1340000,143773,270081,238000,334866,413854,572866,1482072,2525932,17093,28600,75812,120000,167296,300000,378159,626000,30,878466,429858,5051864,2964144,143000
Mexico Mangrove Restoration Hybrid Medium,North America,Mexico,MEX,Mangrove,Restoration,Hybrid,Market price,500,Medium,1258401,7836437,10198100,4768842,5363467,3067595,4834633,55,55,50000,50000,629559,667067,76963,80000,274072,290400,88900,100000,129504,140000,44450,50000,3475394,3986000,143773,803390,238000,996101,947163,1234101,1482072,2525932,17093,28600,75812,120000,167296,300000,378159,626000,30,217231,-103451,5051864,2964144,143000
Mexico Mangrove Restoration Planting Large,North America,Mexico,MEX,Mangrove,Restoration,Planting,Opex breakeven,1000,Large,1258401,22564718,29524512,14782832,17443467,7781886,12081045,104,104,50000,50000,629559,667067,153925,160000,274072,290400,88900,100000,129504,140000,44450,50000,13412423,15986000,143773,3100484,238000,3994901,3244257,4232901,3890943,6758731,25419,43413,75812,120000,167296,300000,378159,626000,52.52679699,1436416,0,13517461,7781886,217067
Mexico Mangrove Restoration Hydrology Large,North America,Mexico,MEX,Mangrove,Restoration,Hydrology,Opex breakeven,1000,Large,1258401,6252158,8432454,3618958,4137467,2633200,4294988,23,23,50000,50000,629559,667067,153925,160000,274072,290400,88900,100000,129504,140000,44450,50000,2248548,2680000,143773,519786,238000,669732,663559,907732,1316600,2286989,31774,54267,75812,120000,167296,300000,378159,626000,14.21902636,278990,0,4573978,2633200,271333
Mexico Mangrove Restoration Hybrid Large,North America,Mexico,MEX,Mangrove,Restoration,Hybrid,Opex breakeven,1000,Large,1258401,12744968,16829796,8059002,9429467,4685966,7400329,47,47,50000,50000,629559,667067,153925,160000,274072,290400,88900,100000,129504,140000,44450,50000,6688592,7972000,143773,1546169,238000,1992203,1689942,2230203,2342983,4069859,31774,54267,75812,120000,167296,300000,378159,626000,25.30376673,739390,0,8139719,4685966,271333
Mexico Mangrove Restoration Planting Large,North America,Mexico,MEX,Mangrove,Restoration,Planting,Market price,1000,Large,1258401,20896037,26625943,14782832,17443467,6113205,9182476,96,96,50000,50000,629559,667067,153925,160000,274072,290400,88900,100000,129504,140000,44450,50000,13412423,15986000,143773,3100484,238000,3994901,3244257,4232901,2222262,3860162,25419,43413,75812,120000,167296,300000,378159,626000,30,-1462153,-1668682,7720323,4444523,217067
Mexico Mangrove Restoration Hydrology Large,North America,Mexico,MEX,Mangrove,Restoration,Hydrology,Market price,1000,Large,1258401,7713385,10970667,3618958,4137467,4094427,6833201,28,28,50000,50000,629559,667067,153925,160000,274072,290400,88900,100000,129504,140000,44450,50000,2248548,2680000,143773,519786,238000,669732,663559,907732,2777827,4825202,31774,54267,75812,120000,167296,300000,378159,626000,30,2817203,1461227,9650404,5555654,271333
Mexico Mangrove Restoration Hybrid Large,North America,Mexico,MEX,Mangrove,Restoration,Hybrid,Market price,1000,Large,1258401,13179812,17585138,8059002,9429467,5120810,8155671,49,49,50000,50000,629559,667067,153925,160000,274072,290400,88900,100000,129504,140000,44450,50000,6688592,7972000,143773,1546169,238000,1992203,1689942,2230203,2777827,4825202,31774,54267,75812,120000,167296,300000,378159,626000,30,1494733,434844,9650404,5555654,271333
Mexico Mangrove Conservation Small,North America,Mexico,MEX,Mangrove,Conservation,,Opex breakeven,4000,Small,3673709,2876598,4144546,1293447,1377467,1583151,2767079,12,12,50000,50000,629559,667067,76963,80000,274072,290400,88900,100000,129504,140000,44450,50000,0,0,143773,0,238000,0,143773,238000,791575,1435667,26536,47412,75812,120000,167296,300000,378159,626000,10.05703772,104254,0,2871333,1583151,237062
Mexico Mangrove Conservation Small,North America,Mexico,MEX,Mangrove,Conservation,,Market price,4000,Small,3673709,4446281,6991452,1293447,1377467,3152834,5613986,19,19,50000,50000,629559,667067,76963,80000,274072,290400,88900,100000,129504,140000,44450,50000,0,0,143773,0,238000,0,143773,238000,2361258,4282573,26536,47412,75812,120000,167296,300000,378159,626000,30,2951161,1569683,8565147,4722517,237062
Mexico Mangrove Conservation Medium,North America,Mexico,MEX,Mangrove,Conservation,,Opex breakeven,20000,Medium,3673709,3088883,4526704,1293447,1377467,1795436,3149237,3,3,50000,50000,629559,667067,76963,80000,274072,290400,88900,100000,129504,140000,44450,50000,0,0,143773,0,238000,0,143773,238000,897718,1628175,132678,237062,75812,120000,167296,300000,378159,626000,2.281117223,107114,0,3256351,1795436,1185310
Mexico Mangrove Conservation Medium,North America,Mexico,MEX,Mangrove,Conservation,,Market price,20000,Medium,3673709,13997457,24311395,1293447,1377467,12704010,22933929,12,12,50000,50000,629559,667067,76963,80000,274072,290400,88900,100000,129504,140000,44450,50000,0,0,143773,0,238000,0,143773,238000,11806292,21412867,132678,237062,75812,120000,167296,300000,378159,626000,30,19891805,10908574,42825734,23612584,1185310
Mexico Mangrove Conservation Large,North America,Mexico,MEX,Mangrove,Conservation,,Opex breakeven,40000,Large,3673709,4202252,6223092,1664835,1769433,2537417,4453658,2,2,50000,50000,786949,833833,153925,160000,411107,435600,88900,100000,129504,140000,44450,50000,0,0,287546,0,476000,0,287546,476000,1268708,2301034,265356,474124,75812,120000,167296,300000,472698,782500,1.611905371,148411,0,4602069,2537417,2370619
Mexico Mangrove Conservation Large,North America,Mexico,MEX,Mangrove,Conservation,,Market price,40000,Large,3673709,26546128,46747791,1664835,1769433,24881293,44978358,11,11,50000,50000,786949,833833,153925,160000,411107,435600,88900,100000,129504,140000,44450,50000,0,0,287546,0,476000,0,287546,476000,23612584,42825734,265356,474124,75812,120000,167296,300000,472698,782500,30,40673110,22343875,85651468,47225168,2370619
Mexico Seagrass Restoration Planting Small,North America,Mexico,MEX,Seagrass,Restoration,Planting,Opex breakeven,100,Small,70775,8516726,10945425,5186351,5756455,3330375,5188971,4220,4220,50000,50000,629559,667067,76963,80000,274072,290400,88900,100000,129504,140000,44450,50000,3892904,4378988,143773,899904,238000,1094309,1043677,1332309,1665187,2810258,244,404,75812,120000,167296,300000,378159,626000,2373.195899,431545,0,5620516,3330375,2018
Mexico Seagrass Restoration Planting Small,North America,Mexico,MEX,Seagrass,Restoration,Planting,Market price,100,Small,70775,6872589,8170692,5186351,5756455,1686237,2414238,3405,3405,50000,50000,629559,667067,76963,80000,274072,290400,88900,100000,129504,140000,44450,50000,3892904,4378988,143773,899904,238000,1094309,1043677,1332309,21050,35525,244,404,75812,120000,167296,300000,378159,626000,30,-2343188,-1644137,71050,42100,2018
Mexico Seagrass Restoration Planting Medium,North America,Mexico,MEX,Seagrass,Restoration,Planting,Opex breakeven,500,Medium,70775,30742060,38856965,20383651,23272406,10358409,15584559,3125,3125,50000,50000,629559,667067,76963,80000,274072,290400,88900,100000,129504,140000,44450,50000,19090204,21894939,143773,4412989,238000,5471545,4556762,5709545,5179204,8827046,1176,1968,75812,120000,167296,300000,378159,626000,1523.794766,2069533,0,17654092,10358409,9838
Mexico Seagrass Restoration Planting Medium,North America,Mexico,MEX,Seagrass,Restoration,Planting,Market price,500,Medium,70775,25664822,30203703,20383651,23272406,5281171,6931297,2609,2609,50000,50000,629559,667067,76963,80000,274072,290400,88900,100000,129504,140000,44450,50000,19090204,21894939,143773,4412989,238000,5471545,4556762,5709545,101967,173784,1176,1968,75812,120000,167296,300000,378159,626000,30,-6583729,-5077238,347568,203933,9838
Mexico Seagrass Restoration Planting Large,North America,Mexico,MEX,Seagrass,Restoration,Planting,Opex breakeven,1000,Large,70775,56631121,73563647,38110580,45247345,18520541,28316301,3034,3034,50000,50000,629559,667067,153925,160000,274072,290400,88900,100000,129504,140000,44450,50000,36740170,43789879,143773,8493044,238000,10943091,8636817,11181091,9260270,16085477,2186,3734,75812,120000,167296,300000,378159,626000,1453.620996,3854653,0,32170954,18520541,18668
Mexico Seagrass Restoration Planting Large,North America,Mexico,MEX,Seagrass,Restoration,Planting,Market price,1000,Large,70775,47561965,57810144,38110580,45247345,9451385,12562798,2548,2548,50000,50000,629559,667067,153925,160000,274072,290400,88900,100000,129504,140000,44450,50000,36740170,43789879,143773,8493044,238000,10943091,8636817,11181091,191115,331974,2186,3734,75812,120000,167296,300000,378159,626000,30,-11898850,-9069156,663948,382229,18668
Mexico Seagrass Conservation Small,North America,Mexico,MEX,Seagrass,Conservation,,Opex breakeven,400,Small,1128651,2825115,4111735,1293447,1377467,1531668,2734268,382,382,50000,50000,629559,667067,76963,80000,274072,290400,88900,100000,129504,140000,44450,50000,0,0,143773,0,238000,0,143773,238000,765834,1448787,794,1480,75812,120000,167296,300000,378159,626000,319.939245,163307,0,2897575,1531668,7402
Mexico Seagrass Conservation Small,North America,Mexico,MEX,Seagrass,Conservation,,Market price,400,Small,1128651,2131092,2798797,1293447,1377467,837644,1421330,288,288,50000,50000,629559,667067,76963,80000,274072,290400,88900,100000,129504,140000,44450,50000,0,0,143773,0,238000,0,143773,238000,71811,135850,794,1480,75812,120000,167296,300000,378159,626000,30,-1149631,-694023,271699,143621,7402
Mexico Seagrass Conservation Medium,North America,Mexico,MEX,Seagrass,Conservation,,Opex breakeven,2000,Medium,1128651,2831466,4123664,1293447,1377467,1538019,2746197,77,77,50000,50000,629559,667067,76963,80000,274072,290400,88900,100000,129504,140000,44450,50000,0,0,143773,0,238000,0,143773,238000,769009,1454795,3970,7402,75812,120000,167296,300000,378159,626000,64.25318475,163393,0,2909590,1538019,37011
Mexico Seagrass Conservation Medium,North America,Mexico,MEX,Seagrass,Conservation,,Market price,2000,Medium,1128651,2421509,3348117,1293447,1377467,1128062,1970650,65,65,50000,50000,629559,667067,76963,80000,274072,290400,88900,100000,129504,140000,44450,50000,0,0,143773,0,238000,0,143773,238000,359053,679248,3970,7402,75812,120000,167296,300000,378159,626000,30,-612154,-409956,1358496,718106,37011
Mexico Seagrass Conservation Large,North America,Mexico,MEX,Seagrass,Conservation,,Opex breakeven,4000,Large,1128651,2839405,4138576,1293447,1377467,1545958,2761109,38,38,50000,50000,629559,667067,76963,80000,274072,290400,88900,100000,129504,140000,44450,50000,0,0,143773,0,238000,0,143773,238000,772979,1462305,7939,14804,75812,120000,167296,300000,378159,626000,32.29242722,163500,0,2924609,1545958,74022
Mexico Seagrass Conservation Large,North America,Mexico,MEX,Seagrass,Conservation,,Market price,4000,Large,1128651,2784532,4034767,1293447,1377467,1491085,2657301,38,38,50000,50000,629559,667067,76963,80000,274072,290400,88900,100000,129504,140000,44450,50000,0,0,143773,0,238000,0,143773,238000,718106,1358496,7939,14804,75812,120000,167296,300000,378159,626000,30,59691,-54874,2716992,1436211,74022
Mexico Salt marsh Restoration Planting Small,North America,Mexico,MEX,Salt marsh,Restoration,Planting,Opex breakeven,100,Small,137962,6403255,8349815,3740703,4130297,2662552,4219518,1499,1499,50000,50000,629559,667067,76963,80000,274072,290400,88900,100000,129504,140000,44450,50000,2447256,2752830,143773,565720,238000,687932,709493,925932,1331276,2246732,516,854,75812,120000,167296,300000,378159,626000,896.5317594,273946,0,4493464,2662552,4271
Mexico Salt marsh Restoration Hydrology Small,North America,Mexico,MEX,Salt marsh,Restoration,Hydrology,Opex breakeven,100,Small,137962,3424774,4691636,1703722,1838970,1721052,2852666,642,642,50000,50000,629559,667067,76963,80000,274072,290400,88900,100000,129504,140000,44450,50000,410274,461503,143773,94841,238000,115330,238614,353330,860526,1452269,645,1068,75812,120000,167296,300000,378159,626000,463.6086823,51872,0,2904538,1721052,5339
Mexico Salt marsh Restoration Hybrid Small,North America,Mexico,MEX,Salt marsh,Restoration,Hybrid,Opex breakeven,100,Small,137962,4609464,6146721,2513860,2750265,2095604,3396456,863,863,50000,50000,629559,667067,76963,80000,274072,290400,88900,100000,129504,140000,44450,50000,1220413,1372799,143773,282117,238000,343062,425890,581062,1047802,1768326,645,1068,75812,120000,167296,300000,378159,626000,564.5035793,140195,0,3536651,2095604,5339
Mexico Salt marsh Restoration Planting Small,North America,Mexico,MEX,Salt marsh,Restoration,Planting,Market price,100,Small,137962,5116527,6178264,3740703,4130297,1375824,2047967,1198,1198,50000,50000,629559,667067,76963,80000,274072,290400,88900,100000,129504,140000,44450,50000,2447256,2752830,143773,565720,238000,687932,709493,925932,44548,75181,516,854,75812,120000,167296,300000,378159,626000,30,-1897605,-1286729,150362,89095,4271
Mexico Salt marsh Restoration Hydrology Small,North America,Mexico,MEX,Salt marsh,Restoration,Hydrology,Market price,100,Small,137962,2619932,3333343,1703722,1838970,916210,1494373,491,491,50000,50000,629559,667067,76963,80000,274072,290400,88900,100000,129504,140000,44450,50000,410274,461503,143773,94841,238000,115330,238614,353330,55684,93976,645,1068,75812,120000,167296,300000,378159,626000,30,-1306421,-804841,187952,111369,5339
Mexico Salt marsh Restoration Hybrid Small,North America,Mexico,MEX,Salt marsh,Restoration,Hybrid,Market price,100,Small,137962,3617347,4472372,2513860,2750265,1103486,1722106,678,678,50000,50000,629559,667067,76963,80000,274072,290400,88900,100000,129504,140000,44450,50000,1220413,1372799,143773,282117,238000,343062,425890,581062,55684,93976,645,1068,75812,120000,167296,300000,378159,626000,30,-1534154,-992117,187952,111369,5339
Mexico Salt marsh Restoration Planting Medium,North America,Mexico,MEX,Salt marsh,Restoration,Planting,Opex breakeven,500,Medium,137962,20377880,25905705,13294414,15141617,7083466,10764088,979,979,50000,50000,629559,667067,76963,80000,274072,290400,88900,100000,129504,140000,44450,50000,12000966,13764150,143773,2774204,238000,3439661,2917977,3677661,3541733,6036263,2489,4164,75812,120000,167296,300000,378159,626000,492.3866971,1308438,0,12072526,7083466,20821
Mexico Salt marsh Restoration Hydrology Medium,North America,Mexico,MEX,Salt marsh,Restoration,Hydrology,Opex breakeven,500,Medium,137962,5771844,7652670,3305369,3684981,2466474,3967689,222,222,50000,50000,629559,667067,76963,80000,274072,290400,88900,100000,129504,140000,44450,50000,2011922,2307514,143773,465086,238000,576648,608859,814648,1233237,2101836,3111,5205,75812,120000,167296,300000,378159,626000,137.1598589,235984,0,4203673,2466474,26026
Mexico Salt marsh Restoration Hybrid Medium,North America,Mexico,MEX,Salt marsh,Restoration,Hybrid,Opex breakeven,500,Medium,137962,11581383,14913018,7278165,8241461,4303217,6671557,445,445,50000,50000,629559,667067,76963,80000,274072,290400,88900,100000,129504,140000,44450,50000,5984718,6863994,143773,1383458,238000,1715312,1527231,1953312,2151609,3667040,3111,5205,75812,120000,167296,300000,378159,626000,239.3005887,662523,0,7334080,4303217,26026
Mexico Salt marsh Restoration Planting Medium,North America,Mexico,MEX,Salt marsh,Restoration,Planting,Market price,500,Medium,137962,17051936,20237218,13294414,15141617,3757523,5095601,819,819,50000,50000,629559,667067,76963,80000,274072,290400,88900,100000,129504,140000,44450,50000,12000966,13764150,143773,2774204,238000,3439661,2917977,3677661,215790,367776,2489,4164,75812,120000,167296,300000,378159,626000,30,-4360049,-3325944,735552,431579,20821
Mexico Salt marsh Restoration Hydrology Medium,North America,Mexico,MEX,Salt marsh,Restoration,Hydrology,Market price,500,Medium,137962,4808344,6010554,3305369,3684981,1502974,2325573,185,185,50000,50000,629559,667067,76963,80000,274072,290400,88900,100000,129504,140000,44450,50000,2011922,2307514,143773,465086,238000,576648,608859,814648,269737,459720,3111,5205,75812,120000,167296,300000,378159,626000,30,-1406134,-963500,919439,539474,26026
Mexico Salt marsh Restoration Hybrid Medium,North America,Mexico,MEX,Salt marsh,Restoration,Hybrid,Market price,500,Medium,137962,9699511,11705697,7278165,8241461,2421346,3464237,373,373,50000,50000,629559,667067,76963,80000,274072,290400,88900,100000,129504,140000,44450,50000,5984718,6863994,143773,1383458,238000,1715312,1527231,1953312,269737,459720,3111,5205,75812,120000,167296,300000,378159,626000,30,-2544798,-1881872,919439,539474,26026
Mexico Salt marsh Restoration Planting Large,North America,Mexico,MEX,Salt marsh,Restoration,Planting,Opex breakeven,1000,Large,137962,36684501,47768194,24466944,28985767,12217557,18782427,929,929,50000,50000,629559,667067,153925,160000,274072,290400,88900,100000,129504,140000,44450,50000,23096534,27528300,143773,5339112,238000,6879322,5482885,7117322,6108779,10611204,4626,7901,75812,120000,167296,300000,378159,626000,453.1155432,2439980,0,21222407,12217557,39506
Mexico Salt marsh Restoration Hydrology Large,North America,Mexico,MEX,Salt marsh,Restoration,Hydrology,Opex breakeven,1000,Large,137962,8574282,11413418,5242467,6072495,3331815,5340923,174,174,50000,50000,629559,667067,153925,160000,274072,290400,88900,100000,129504,140000,44450,50000,3872058,4615028,143773,895085,238000,1153296,1038858,1391296,1665907,2893751,5783,9877,75812,120000,167296,300000,378159,626000,98.85426292,446578,0,5787501,3331815,49383
Mexico Salt marsh Restoration Hybrid Large,North America,Mexico,MEX,Salt marsh,Restoration,Hybrid,Opex breakeven,1000,Large,137962,19755067,25873854,12888336,15185454,6866730,10688400,400,400,50000,50000,629559,667067,153925,160000,274072,290400,88900,100000,129504,140000,44450,50000,11517926,13727988,143773,2662542,238000,3430624,2806315,3668624,3433365,5963899,5783,9877,75812,120000,167296,300000,378159,626000,203.7344974,1239398,0,11927798,6866730,49383
Mexico Salt marsh Restoration Planting Large,North America,Mexico,MEX,Salt marsh,Restoration,Planting,Market price,1000,Large,137962,30980174,37859540,24466944,28985767,6513230,8873773,784,784,50000,50000,629559,667067,153925,160000,274072,290400,88900,100000,129504,140000,44450,50000,23096534,27528300,143773,5339112,238000,6879322,5482885,7117322,404452,702550,4626,7901,75812,120000,167296,300000,378159,626000,30,-7468674,-5704327,1405099,808903,39506
Mexico Salt marsh Restoration Hydrology Large,North America,Mexico,MEX,Salt marsh,Restoration,Hydrology,Market price,1000,Large,137962,7413939,9397854,5242467,6072495,2171472,3325359,150,150,50000,50000,629559,667067,153925,160000,274072,290400,88900,100000,129504,140000,44450,50000,3872058,4615028,143773,895085,238000,1153296,1038858,1391296,505565,878187,5783,9877,75812,120000,167296,300000,378159,626000,30,-1568985,-1160343,1756374,1011129,49383
Mexico Salt marsh Restoration Hybrid Large,North America,Mexico,MEX,Salt marsh,Restoration,Hybrid,Market price,1000,Large,137962,16827266,20788142,12888336,15185454,3938930,5602688,341,341,50000,50000,629559,667067,153925,160000,274072,290400,88900,100000,129504,140000,44450,50000,11517926,13727988,143773,2662542,238000,3430624,2806315,3668624,505565,878187,5783,9877,75812,120000,167296,300000,378159,626000,30,-3846314,-2927801,1756374,1011129,49383
Mexico Salt marsh Conservation Small,North America,Mexico,MEX,Salt marsh,Conservation,,Opex breakeven,800,Small,2952709,2828794,4125752,1293447,1377467,1535347,2748285,115,115,50000,50000,629559,667067,76963,80000,274072,290400,88900,100000,129504,140000,44450,50000,0,0,143773,0,238000,0,143773,238000,767674,1459349,2634,4936,75812,120000,167296,300000,378159,626000,96.48464191,170413,0,2918698,1535347,24680
Mexico Salt marsh Conservation Small,North America,Mexico,MEX,Salt marsh,Conservation,,Market price,800,Small,2952709,2299814,3120158,1293447,1377467,1006367,1742692,93,93,50000,50000,629559,667067,76963,80000,274072,290400,88900,100000,129504,140000,44450,50000,0,0,143773,0,238000,0,143773,238000,238693,453756,2634,4936,75812,120000,167296,300000,378159,626000,30,-835180,-528981,907512,477386,24680
Mexico Salt marsh Conservation Medium,North America,Mexico,MEX,Salt marsh,Conservation,,Opex breakeven,4000,Medium,2952709,2849864,4165523,1293447,1377467,1556417,2788056,23,23,50000,50000,629559,667067,76963,80000,274072,290400,88900,100000,129504,140000,44450,50000,0,0,143773,0,238000,0,143773,238000,778209,1479376,13169,24680,75812,120000,167296,300000,378159,626000,19.5617446,170696,0,2958752,1556417,123401
Mexico Salt marsh Conservation Medium,North America,Mexico,MEX,Salt marsh,Conservation,,Market price,4000,Medium,2952709,3265121,4954926,1293447,1377467,1971674,3577459,26,26,50000,50000,629559,667067,76963,80000,274072,290400,88900,100000,129504,140000,44450,50000,0,0,143773,0,238000,0,143773,238000,1193465,2268779,13169,24680,75812,120000,167296,300000,378159,626000,30,960099,415256,4537558,2386930,123401
Mexico Salt marsh Conservation Large,North America,Mexico,MEX,Salt marsh,Conservation,,Opex breakeven,8000,Large,2952709,2876202,4215236,1293447,1377467,1582755,2837770,12,12,50000,50000,629559,667067,76963,80000,274072,290400,88900,100000,129504,140000,44450,50000,0,0,143773,0,238000,0,143773,238000,791377,1504410,26337,49360,75812,120000,167296,300000,378159,626000,9.946382438,171049,0,3008819,1582755,246801
Mexico Salt marsh Conservation Large,North America,Mexico,MEX,Salt marsh,Conservation,,Market price,8000,Large,2952709,4471755,7248385,1293447,1377467,3178307,5870918,18,18,50000,50000,629559,667067,76963,80000,274072,290400,88900,100000,129504,140000,44450,50000,0,0,143773,0,238000,0,143773,238000,2386930,4537558,26337,49360,75812,120000,167296,300000,378159,626000,30,3204198,1595553,9075116,4773860,246801
Colombia Mangrove Restoration Planting Small,South America,Colombia,COL,Mangrove,Restoration,Planting,Opex breakeven,100,Small,60632,2895278,3836845,1654551,1785986,1240727,2050859,381,381,50000,50000,629559,667067,76963,80000,244644,259219,88900,100000,120254,130000,44450,50000,399782,449700,78531,92416,130000,112380,170947,242380,620364,1046958,919,1521,75812,120000,167296,300000,205390,340000,234.6768446,43058,0,2093917,1240727,7603
Colombia Mangrove Restoration Hydrology Small,South America,Colombia,COL,Mangrove,Restoration,Hydrology,Opex breakeven,100,Small,60632,2615716,3493679,1463061,1570586,1152655,1923093,275,275,50000,50000,629559,667067,76963,80000,244644,259219,88900,100000,120254,130000,44450,50000,208292,234300,78531,48150,130000,58552,126681,188552,576327,972641,1148,1901,75812,120000,167296,300000,205390,340000,174.4147679,22188,0,1945281,1152655,9504
Colombia Mangrove Restoration Planting Small,South America,Colombia,COL,Mangrove,Restoration,Planting,Market price,100,Small,60632,2354219,2923725,1654551,1785986,699668,1137739,310,310,50000,50000,629559,667067,76963,80000,244644,259219,88900,100000,120254,130000,44450,50000,399782,449700,78531,92416,130000,112380,170947,242380,79304,133838,919,1521,75812,120000,167296,300000,205390,340000,30,-870062,-541059,267677,158609,7603
Colombia Mangrove Restoration Hydrology Small,South America,Colombia,COL,Mangrove,Restoration,Hydrology,Market price,100,Small,60632,2138519,2688336,1463061,1570586,675458,1117750,225,225,50000,50000,629559,667067,76963,80000,244644,259219,88900,100000,120254,130000,44450,50000,208292,234300,78531,48150,130000,58552,126681,188552,99131,167298,1148,1901,75812,120000,167296,300000,205390,340000,30,-783154,-477197,334596,198261,9504
Colombia Mangrove Restoration Planting Medium,South America,Colombia,COL,Mangrove,Restoration,Planting,Opex breakeven,500,Medium,60632,5184540,6722265,3215237,3584786,1969303,3137479,140,140,50000,50000,629559,667067,76963,80000,244644,259219,88900,100000,120254,130000,44450,50000,1960468,2248500,78531,453192,130000,561900,531723,691900,984652,1678166,4431,7413,75812,120000,167296,300000,205390,340000,76.89524229,218853,0,3356332,1969303,37066
Colombia Mangrove Restoration Hydrology Medium,South America,Colombia,COL,Mangrove,Restoration,Hydrology,Opex breakeven,500,Medium,60632,3813574,5009902,2276201,2507786,1537374,2502116,82,82,50000,50000,629559,667067,76963,80000,244644,259219,88900,100000,120254,130000,44450,50000,1021431,1171500,78531,236119,130000,292758,314650,422758,768687,1310092,5538,9266,75812,120000,167296,300000,205390,340000,48.02377196,118068,0,2620184,1537374,46332
Colombia Mangrove Restoration Planting Medium,South America,Colombia,COL,Mangrove,Restoration,Planting,Market price,500,Medium,60632,4584042,5698821,3215237,3584786,1368805,2114035,124,124,50000,50000,629559,667067,76963,80000,244644,259219,88900,100000,120254,130000,44450,50000,1960468,2248500,78531,453192,130000,561900,531723,691900,384153,654722,4431,7413,75812,120000,167296,300000,205390,340000,30,-804592,-600499,1309443,768306,37066
Colombia Mangrove Restoration Hydrology Medium,South America,Colombia,COL,Mangrove,Restoration,Hydrology,Market price,500,Medium,60632,3525079,4518212,2276201,2507786,1248878,2010426,76,76,50000,50000,629559,667067,76963,80000,244644,259219,88900,100000,120254,130000,44450,50000,1021431,1171500,78531,236119,130000,292758,314650,422758,480191,818402,5538,9266,75812,120000,167296,300000,205390,340000,30,-373622,-288495,1636804,960383,46332
Colombia Mangrove Restoration Planting Large,South America,Colombia,COL,Mangrove,Restoration,Planting,Opex breakeven,1000,Large,60632,7919679,10385966,5104762,5913286,2814916,4472680,113,113,50000,50000,629559,667067,153925,160000,244644,259219,88900,100000,120254,130000,44450,50000,3773030,4497000,78531,872193,130000,1123800,950724,1253800,1407458,2444814,8236,14066,75812,120000,167296,300000,205390,340000,58.64303742,416947,0,4889627,2814916,70330
Colombia Mangrove Restoration Hydrology Large,South America,Colombia,COL,Mangrove,Restoration,Hydrology,Opex breakeven,1000,Large,60632,5281032,6975094,3297534,3759286,1983498,3215808,60,60,50000,50000,629559,667067,153925,160000,244644,259219,88900,100000,120254,130000,44450,50000,1965802,2343000,78531,454425,130000,585516,532956,715516,991749,1722709,10295,17582,75812,120000,167296,300000,205390,340000,33.05770514,229611,0,3445419,1983498,87912
Colombia Mangrove Restoration Planting Large,South America,Colombia,COL,Mangrove,Restoration,Planting,Market price,1000,Large,60632,7232233,9191845,5104762,5913286,2127471,3278559,103,103,50000,50000,629559,667067,153925,160000,244644,259219,88900,100000,120254,130000,44450,50000,3773030,4497000,78531,872193,130000,1123800,950724,1253800,720013,1250693,8236,14066,75812,120000,167296,300000,205390,340000,30,-777174,-687445,2501385,1440026,70330
Colombia Mangrove Restoration Hydrology Large,South America,Colombia,COL,Mangrove,Restoration,Hydrology,Market price,1000,Large,60632,5189299,6815750,3297534,3759286,1891765,3056464,59,59,50000,50000,629559,667067,153925,160000,244644,259219,88900,100000,120254,130000,44450,50000,1965802,2343000,78531,454425,130000,585516,532956,715516,900016,1563366,10295,17582,75812,120000,167296,300000,205390,340000,30,70267,-91733,3126731,1800032,87912
Colombia Mangrove Conservation Small,South America,Colombia,COL,Mangrove,Conservation,,Opex breakeven,4000,Small,654702,2343155,3224930,1254769,1336286,1088385,1888644,16,16,50000,50000,629559,667067,76963,80000,244644,259219,88900,100000,120254,130000,44450,50000,0,0,78531,0,130000,0,78531,130000,544193,968602,17163,30042,75812,120000,167296,300000,205390,340000,10.77917386,48560,0,1937204,1088385,150211
Colombia Mangrove Conservation Small,South America,Colombia,COL,Mangrove,Conservation,,Market price,4000,Small,654702,3313529,4952088,1254769,1336286,2058760,3615802,22,22,50000,50000,629559,667067,76963,80000,244644,259219,88900,100000,120254,130000,44450,50000,0,0,78531,0,130000,0,78531,130000,1514567,2695760,17163,30042,75812,120000,167296,300000,205390,340000,30,1775718,970374,5391520,3029134,150211
Colombia Mangrove Conservation Medium,South America,Colombia,COL,Mangrove,Conservation,,Opex breakeven,20000,Medium,654702,2480461,3467294,1254769,1336286,1225692,2131008,3,3,50000,50000,629559,667067,76963,80000,244644,259219,88900,100000,120254,130000,44450,50000,0,0,78531,0,130000,0,78531,130000,612846,1090797,85816,150211,75812,120000,167296,300000,205390,340000,2.427805898,50586,0,2181594,1225692,751055
Colombia Mangrove Conservation Medium,South America,Colombia,COL,Mangrove,Conservation,,Market price,20000,Medium,654702,9440450,15855297,1254769,1336286,8185681,14519011,13,13,50000,50000,629559,667067,76963,80000,244644,259219,88900,100000,120254,130000,44450,50000,0,0,78531,0,130000,0,78531,130000,7572835,13478800,85816,150211,75812,120000,167296,300000,205390,340000,30,12438589,6959989,26957600,15145670,751055
Colombia Mangrove Conservation Large,South America,Colombia,COL,Mangrove,Conservation,,Opex breakeven,40000,Large,654702,3268526,4592795,1611444,1712662,1657082,2880132,2,2,50000,50000,786949,833833,153925,160000,366966,388829,88900,100000,120254,130000,44450,50000,0,0,157063,0,260000,0,157063,260000,828541,1474710,171633,300422,75812,120000,167296,300000,256737,425000,1.641144217,69289,0,2949421,1657082,1502110
Colombia Mangrove Conservation Large,South America,Colombia,COL,Mangrove,Conservation,,Market price,40000,Large,654702,17585654,30075684,1611444,1712662,15974211,28363022,12,12,50000,50000,786949,833833,153925,160000,366966,388829,88900,100000,120254,130000,44450,50000,0,0,157063,0,260000,0,157063,260000,15145670,26957600,171633,300422,75812,120000,167296,300000,256737,425000,30,25552178,14317128,53915200,30291339,1502110
Colombia Seagrass Restoration Planting Small,South America,Colombia,COL,Seagrass,Restoration,Planting,Opex breakeven,100,Small,3124,3910725,5083460,2349877,2568133,1560848,2515327,1938,1938,50000,50000,629559,667067,76963,80000,244644,259219,88900,100000,120254,130000,44450,50000,1095108,1231847,78531,253151,130000,307839,331682,437839,780424,1317085,244,404,75812,120000,167296,300000,205390,340000,1112.246535,118842,0,2634169,1560848,2018
Colombia Seagrass Restoration Planting Small,South America,Colombia,COL,Seagrass,Restoration,Planting,Market price,100,Small,3124,3151351,3801900,2349877,2568133,801474,1233767,1562,1562,50000,50000,629559,667067,76963,80000,244644,259219,88900,100000,120254,130000,44450,50000,1095108,1231847,78531,253151,130000,307839,331682,437839,21050,35525,244,404,75812,120000,167296,300000,205390,340000,30,-1162717,-759374,71050,42100,2018
Colombia Seagrass Restoration Planting Medium,South America,Colombia,COL,Seagrass,Restoration,Planting,Opex breakeven,500,Medium,3124,10164243,12942685,6625009,7495522,3539234,5447163,1033,1033,50000,50000,629559,667067,76963,80000,244644,259219,88900,100000,120254,130000,44450,50000,5370239,6159236,78531,1241412,130000,1539193,1319943,1669193,1769617,3016002,1176,1968,75812,120000,167296,300000,205390,340000,520.6462744,584842,0,6032005,3539234,9838
Colombia Seagrass Restoration Planting Medium,South America,Colombia,COL,Seagrass,Restoration,Planting,Market price,500,Medium,3124,8496593,10100467,6625009,7495522,1871584,2604945,864,864,50000,50000,629559,667067,76963,80000,244644,259219,88900,100000,120254,130000,44450,50000,5370239,6159236,78531,1241412,130000,1539193,1319943,1669193,101967,173784,1176,1968,75812,120000,167296,300000,205390,340000,30,-2257377,-1667651,347568,203933,9838
Colombia Seagrass Restoration Planting Large,South America,Colombia,COL,Seagrass,Restoration,Planting,Opex breakeven,1000,Large,3124,17503824,22776229,11667059,13734757,5836765,9041472,938,938,50000,50000,629559,667067,153925,160000,244644,259219,88900,100000,120254,130000,44450,50000,10335327,12318471,78531,2389167,130000,3078386,2467698,3208386,2918382,5069352,2186,3734,75812,120000,167296,300000,205390,340000,458.1099258,1097232,0,10138704,5836765,18668
Colombia Seagrass Restoration Planting Large,South America,Colombia,COL,Seagrass,Restoration,Planting,Market price,1000,Large,3124,14776556,18038851,11667059,13734757,3109497,4304094,792,792,50000,50000,629559,667067,153925,160000,244644,259219,88900,100000,120254,130000,44450,50000,10335327,12318471,78531,2389167,130000,3078386,2467698,3208386,191115,331974,2186,3734,75812,120000,167296,300000,205390,340000,30,-3640146,-2727268,663948,382229,18668
Colombia Seagrass Conservation Small,South America,Colombia,COL,Seagrass,Conservation,,Opex breakeven,400,Small,49827,2310416,3226291,1254769,1336286,1055647,1890005,312,312,50000,50000,629559,667067,76963,80000,244644,259219,88900,100000,120254,130000,44450,50000,0,0,78531,0,130000,0,78531,130000,527823,998524,794,1480,75812,120000,167296,300000,205390,340000,220.5065823,107044,0,1997049,1055647,7402
Colombia Seagrass Conservation Small,South America,Colombia,COL,Seagrass,Conservation,,Market price,400,Small,49827,1854403,2363616,1254769,1336286,599634,1027330,251,251,50000,50000,629559,667067,76963,80000,244644,259219,88900,100000,120254,130000,44450,50000,0,0,78531,0,130000,0,78531,130000,71811,135850,794,1480,75812,120000,167296,300000,205390,340000,30,-755631,-456013,271699,143621,7402
Colombia Seagrass Conservation Medium,South America,Colombia,COL,Seagrass,Conservation,,Opex breakeven,2000,Medium,49827,2316767,3238220,1254769,1336286,1061998,1901934,63,63,50000,50000,629559,667067,76963,80000,244644,259219,88900,100000,120254,130000,44450,50000,0,0,78531,0,130000,0,78531,130000,530999,1004532,3970,7402,75812,120000,167296,300000,205390,340000,44.3666522,107130,0,2009064,1061998,37011
Colombia Seagrass Conservation Medium,South America,Colombia,COL,Seagrass,Conservation,,Market price,2000,Medium,49827,2144821,2912936,1254769,1336286,890052,1576650,58,58,50000,50000,629559,667067,76963,80000,244644,259219,88900,100000,120254,130000,44450,50000,0,0,78531,0,130000,0,78531,130000,359053,679248,3970,7402,75812,120000,167296,300000,205390,340000,30,-218154,-171946,1358496,718106,37011
Colombia Seagrass Conservation Large,South America,Colombia,COL,Seagrass,Conservation,,Opex breakeven,4000,Large,49827,2324707,3253132,1254769,1336286,1069937,1916846,31,31,50000,50000,629559,667067,76963,80000,244644,259219,88900,100000,120254,130000,44450,50000,0,0,78531,0,130000,0,78531,130000,534969,1012042,7939,14804,75812,120000,167296,300000,205390,340000,22.34916094,107237,0,2024083,1069937,74022
Colombia Seagrass Conservation Large,South America,Colombia,COL,Seagrass,Conservation,,Market price,4000,Large,49827,2507844,3599587,1254769,1336286,1253074,2263301,34,34,50000,50000,629559,667067,76963,80000,244644,259219,88900,100000,120254,130000,44450,50000,0,0,78531,0,130000,0,78531,130000,718106,1358496,7939,14804,75812,120000,167296,300000,205390,340000,30,453691,183137,2716992,1436211,74022
Colombia Salt marsh Restoration Planting Small,South America,Colombia,COL,Salt marsh,Restoration,Planting,Opex breakeven,100,Small,0,3316578,4353946,1943204,2110681,1373375,2243265,777,777,50000,50000,629559,667067,76963,80000,244644,259219,88900,100000,120254,130000,44450,50000,688434,774395,78531,159142,130000,193521,237673,323521,686687,1158890,516,854,75812,120000,167296,300000,205390,340000,462.4413231,74515,0,2317780,1373375,4271
Colombia Salt marsh Restoration Hydrology Small,South America,Colombia,COL,Salt marsh,Restoration,Hydrology,Opex breakeven,100,Small,0,2834633,3762115,1613453,1739757,1221179,2022358,531,531,50000,50000,629559,667067,76963,80000,244644,259219,88900,100000,120254,130000,44450,50000,358684,403471,78531,82915,130000,100827,161446,230827,610590,1030463,645,1068,75812,120000,167296,300000,205390,340000,328.9553604,38569,0,2060927,1221179,5339
Colombia Salt marsh Restoration Planting Small,South America,Colombia,COL,Salt marsh,Restoration,Planting,Market price,100,Small,0,2674439,3270237,1943204,2110681,731235,1159556,626,626,50000,50000,629559,667067,76963,80000,244644,259219,88900,100000,120254,130000,44450,50000,688434,774395,78531,159142,130000,193521,237673,323521,44548,75181,516,854,75812,120000,167296,300000,205390,340000,30,-1009194,-642140,150362,89095,4271
Colombia Salt marsh Restoration Hydrology Small,South America,Colombia,COL,Salt marsh,Restoration,Hydrology,Market price,100,Small,0,2279727,2825628,1613453,1739757,666274,1085871,427,427,50000,50000,629559,667067,76963,80000,244644,259219,88900,100000,120254,130000,44450,50000,358684,403471,78531,82915,130000,100827,161446,230827,55684,93976,645,1068,75812,120000,167296,300000,205390,340000,30,-897919,-554905,187952,111369,5339
Colombia Salt marsh Restoration Planting Medium,South America,Colombia,COL,Salt marsh,Restoration,Planting,Opex breakeven,500,Medium,0,7250597,9302570,4630745,5208260,2619852,4094310,348,348,50000,50000,629559,667067,76963,80000,244644,259219,88900,100000,120254,130000,44450,50000,3375976,3871974,78531,780408,130000,967606,858939,1097606,1309926,2232539,2489,4164,75812,120000,167296,300000,205390,340000,182.1114272,370768,0,4465078,2619852,20821
Colombia Salt marsh Restoration Hydrology Medium,South America,Colombia,COL,Salt marsh,Restoration,Hydrology,Opex breakeven,500,Medium,0,4887187,6349496,3013700,3353639,1873487,2995857,188,188,50000,50000,629559,667067,76963,80000,244644,259219,88900,100000,120254,130000,44450,50000,1758931,2017353,78531,406603,130000,504136,485134,634136,936744,1596515,3111,5205,75812,120000,167296,300000,205390,340000,104.1840531,197174,0,3193031,1873487,26026
Colombia Salt marsh Restoration Planting Medium,South America,Colombia,COL,Salt marsh,Restoration,Planting,Market price,500,Medium,0,6156461,7437807,4630745,5208260,1525716,2229546,296,296,50000,50000,629559,667067,76963,80000,244644,259219,88900,100000,120254,130000,44450,50000,3375976,3871974,78531,780408,130000,967606,858939,1097606,215790,367776,2489,4164,75812,120000,167296,300000,205390,340000,30,-1493994,-1094137,735552,431579,20821
Colombia Salt marsh Restoration Hydrology Medium,South America,Colombia,COL,Salt marsh,Restoration,Hydrology,Market price,500,Medium,0,4220181,5212700,3013700,3353639,1206481,1859061,162,162,50000,50000,629559,667067,76963,80000,244644,259219,88900,100000,120254,130000,44450,50000,1758931,2017353,78531,406603,130000,504136,485134,634136,269737,459720,3111,5205,75812,120000,167296,300000,205390,340000,30,-939622,-667007,919439,539474,26026
Colombia Salt marsh Restoration Planting Large,South America,Colombia,COL,Salt marsh,Restoration,Planting,Opex breakeven,1000,Large,0,11896175,15525787,7828987,9160235,4067188,6365552,301,301,50000,50000,629559,667067,153925,160000,244644,259219,88900,100000,120254,130000,44450,50000,6497255,7743949,78531,1501938,130000,1935213,1580469,2065213,2033594,3532438,4626,7901,75812,120000,167296,300000,205390,340000,150.8408154,699324,0,7064876,4067188,39506
Colombia Salt marsh Restoration Hydrology Large,South America,Colombia,COL,Salt marsh,Restoration,Hydrology,Opex breakeven,1000,Large,0,7347579,9643948,4716893,5450992,2630687,4192956,149,149,50000,50000,629559,667067,153925,160000,244644,259219,88900,100000,120254,130000,44450,50000,3385161,4034706,78531,782531,130000,1008273,861062,1138273,1315343,2284806,5783,9877,75812,120000,167296,300000,205390,340000,78.05193616,376657,0,4569613,2630687,49383
Colombia Salt marsh Restoration Planting Large,South America,Colombia,COL,Salt marsh,Restoration,Planting,Market price,1000,Large,0,10267033,12695898,7828987,9160235,2438046,3535664,260,260,50000,50000,629559,667067,153925,160000,244644,259219,88900,100000,120254,130000,44450,50000,6497255,7743949,78531,1501938,130000,1935213,1580469,2065213,404452,702550,4626,7901,75812,120000,167296,300000,205390,340000,30,-2130565,-1629143,1405099,808903,39506
Colombia Salt marsh Restoration Hydrology Large,South America,Colombia,COL,Salt marsh,Restoration,Hydrology,Market price,1000,Large,0,6537801,8237328,4716893,5450992,1820908,2786336,132,132,50000,50000,629559,667067,153925,160000,244644,259219,88900,100000,120254,130000,44450,50000,3385161,4034706,78531,782531,130000,1008273,861062,1138273,505565,878187,5783,9877,75812,120000,167296,300000,205390,340000,30,-1029962,-809779,1756374,1011129,49383
Colombia Salt marsh Conservation Small,South America,Colombia,COL,Salt marsh,Conservation,,Opex breakeven,800,Small,0,2314096,3238113,1254769,1336286,1059326,1901827,94,94,50000,50000,629559,667067,76963,80000,244644,259219,88900,100000,120254,130000,44450,50000,0,0,78531,0,130000,0,78531,130000,529663,1006890,2634,4936,75812,120000,167296,300000,205390,340000,66.57042407,111954,0,2013781,1059326,24680
Colombia Salt marsh Conservation Small,South America,Colombia,COL,Salt marsh,Conservation,,Market price,800,Small,0,2023126,2684978,1254769,1336286,768356,1348692,82,82,50000,50000,629559,667067,76963,80000,244644,259219,88900,100000,120254,130000,44450,50000,0,0,78531,0,130000,0,78531,130000,238693,453756,2634,4936,75812,120000,167296,300000,205390,340000,30,-441180,-290970,907512,477386,24680
Colombia Salt marsh Conservation Medium,South America,Colombia,COL,Salt marsh,Conservation,,Opex breakeven,4000,Medium,0,2335166,3277884,1254769,1336286,1080396,1941598,19,19,50000,50000,629559,667067,76963,80000,244644,259219,88900,100000,120254,130000,44450,50000,0,0,78531,0,130000,0,78531,130000,540198,1026917,13169,24680,75812,120000,167296,300000,205390,340000,13.57890103,112237,0,2053835,1080396,123401
Colombia Salt marsh Conservation Medium,South America,Colombia,COL,Salt marsh,Conservation,,Market price,4000,Medium,0,2988433,4519745,1254769,1336286,1733663,3183459,24,24,50000,50000,629559,667067,76963,80000,244644,259219,88900,100000,120254,130000,44450,50000,0,0,78531,0,130000,0,78531,130000,1193465,2268779,13169,24680,75812,120000,167296,300000,205390,340000,30,1354099,653267,4537558,2386930,123401
Colombia Salt marsh Conservation Large,South America,Colombia,COL,Salt marsh,Conservation,,Opex breakeven,8000,Large,0,2361503,3327597,1254769,1336286,1106734,1991311,10,10,50000,50000,629559,667067,76963,80000,244644,259219,88900,100000,120254,130000,44450,50000,0,0,78531,0,130000,0,78531,130000,553367,1051951,26337,49360,75812,120000,167296,300000,205390,340000,6.954960654,112591,0,2103902,1106734,246801
Colombia Salt marsh Conservation Large,South America,Colombia,COL,Salt marsh,Conservation,,Market price,8000,Large,0,4195066,6813204,1254769,1336286,2940297,5476918,17,17,50000,50000,629559,667067,76963,80000,244644,259219,88900,100000,120254,130000,44450,50000,0,0,78531,0,130000,0,78531,130000,2386930,4537558,26337,49360,75812,120000,167296,300000,205390,340000,30,3598198,1833563,9075116,4773860,246801
India Mangrove Restoration Planting Small,Asia,India,IND,Mangrove,Restoration,Planting,Opex breakeven,100,Small,214284,2593234,3539591,1335683,1426200,1257551,2113391,168,168,50000,50000,629559,667067,76963,80000,255322,270533,88900,100000,129504,140000,44450,50000,60985,68600,101487,14098,168000,17143,115585,185143,628776,1061155,1868,3092,75812,120000,167296,300000,268215,444000,116.9604815,8919,0,2122310,1257551,15462
India Mangrove Restoration Hydrology Small,Asia,India,IND,Mangrove,Restoration,Hydrology,Opex breakeven,100,Small,214284,4831999,6289747,2866001,3147600,1965998,3142147,250,250,50000,50000,629559,667067,76963,80000,255322,270533,88900,100000,129504,140000,44450,50000,1591303,1790000,101487,367854,168000,447321,469341,615321,982999,1658961,2335,3866,75812,120000,167296,300000,268215,444000,146.2805004,175775,0,3317922,1965998,19328
India Mangrove Restoration Planting Small,Asia,India,IND,Mangrove,Restoration,Planting,Market price,100,Small,214284,2125737,2750619,1335683,1426200,790055,1324419,137,137,50000,50000,629559,667067,76963,80000,255322,270533,88900,100000,129504,140000,44450,50000,60985,68600,101487,14098,168000,17143,115585,185143,161279,272183,1868,3092,75812,120000,167296,300000,268215,444000,30,-780053,-467497,544366,322558,15462
India Mangrove Restoration Hydrology Small,Asia,India,IND,Mangrove,Restoration,Hydrology,Market price,100,Small,214284,4050599,4971015,2866001,3147600,1184598,1823415,210,210,50000,50000,629559,667067,76963,80000,255322,270533,88900,100000,129504,140000,44450,50000,1591303,1790000,101487,367854,168000,447321,469341,615321,201599,340229,2335,3866,75812,120000,167296,300000,268215,444000,30,-1142958,-781401,680457,403197,19328
India Mangrove Restoration Planting Medium,Asia,India,IND,Mangrove,Restoration,Planting,Opex breakeven,500,Medium,214284,2955665,4010999,1573759,1700600,1381905,2310399,39,39,50000,50000,629559,667067,76963,80000,255322,270533,88900,100000,129504,140000,44450,50000,299062,343000,101487,69133,168000,85716,170620,253716,690953,1177608,9010,15076,75812,120000,167296,300000,268215,444000,26.5328985,44817,0,2355216,1381905,75379
India Mangrove Restoration Hydrology Medium,Asia,India,IND,Mangrove,Restoration,Hydrology,Opex breakeven,500,Medium,214284,13934147,17733101,9078205,10307600,4855942,7425501,148,148,50000,50000,629559,667067,76963,80000,255322,270533,88900,100000,129504,140000,44450,50000,7803507,8950000,101487,1803898,168000,2236605,1905385,2404605,2427971,4138051,11263,18845,75812,120000,167296,300000,268215,444000,74.58815585,850601,0,8276102,4855942,94224
India Mangrove Restoration Planting Medium,Asia,India,IND,Mangrove,Restoration,Planting,Market price,500,Medium,214284,3045953,4164879,1573759,1700600,1472193,2464279,40,40,50000,50000,629559,667067,76963,80000,255322,270533,88900,100000,129504,140000,44450,50000,299062,343000,101487,69133,168000,85716,170620,253716,781241,1331488,9010,15076,75812,120000,167296,300000,268215,444000,30,198697,90288,2662976,1562481,75379
India Mangrove Restoration Hydrology Medium,Asia,India,IND,Mangrove,Restoration,Hydrology,Market price,500,Medium,214284,12482727,15259410,9078205,10307600,3404522,4951810,132,132,50000,50000,629559,667067,76963,80000,255322,270533,88900,100000,129504,140000,44450,50000,7803507,8950000,101487,1803898,168000,2236605,1905385,2404605,976551,1664360,11263,18845,75812,120000,167296,300000,268215,444000,30,-1623090,-1451420,3328720,1953102,94224
India Mangrove Restoration Planting Large,Asia,India,IND,Mangrove,Restoration,Planting,Opex breakeven,1000,Large,214284,3452438,4680320,1927221,2123600,1525217,2556720,24,24,50000,50000,629559,667067,153925,160000,255322,270533,88900,100000,129504,140000,44450,50000,575561,686000,101487,133050,168000,171431,234537,339431,762609,1324683,16749,28605,75812,120000,167296,300000,268215,444000,15.62435632,92646,0,2649366,1525217,143027
India Mangrove Restoration Hydrology Large,Asia,India,IND,Mangrove,Restoration,Hydrology,Opex breakeven,1000,Large,214284,24580849,32009905,16369949,19337600,8210900,12672305,137,137,50000,50000,629559,667067,153925,160000,255322,270533,88900,100000,129504,140000,44450,50000,15018289,17900000,101487,3471704,168000,4473210,3573191,4641210,4105450,7131339,20936,35757,75812,120000,167296,300000,268215,444000,67.29010954,1590372,0,14262677,8210900,178784
India Mangrove Restoration Planting Large,Asia,India,IND,Mangrove,Restoration,Planting,Market price,1000,Large,214284,4154099,5899133,1927221,2123600,2226877,3775533,29,29,50000,50000,629559,667067,153925,160000,255322,270533,88900,100000,129504,140000,44450,50000,575561,686000,101487,133050,168000,171431,234537,339431,1464269,2543496,16749,28605,75812,120000,167296,300000,268215,444000,30,1311459,701660,5086992,2928537,143027
India Mangrove Restoration Hydrology Large,Asia,India,IND,Mangrove,Restoration,Hydrology,Market price,1000,Large,214284,22305735,28057937,16369949,19337600,5935786,8720337,125,125,50000,50000,629559,667067,153925,160000,255322,270533,88900,100000,129504,140000,44450,50000,15018289,17900000,101487,3471704,168000,4473210,3573191,4641210,1830336,3179370,20936,35757,75812,120000,167296,300000,268215,444000,30,-2361597,-2275114,6358740,3660672,178784
India Mangrove Conservation Small,Asia,India,IND,Mangrove,Conservation,,Opex breakeven,4000,Small,497965,2518104,3536406,1274698,1357600,1243406,2178806,32,32,50000,50000,629559,667067,76963,80000,255322,270533,88900,100000,129504,140000,44450,50000,0,0,101487,0,168000,0,101487,168000,621703,1130869,8893,15937,75812,120000,167296,300000,268215,444000,23.54126363,82931,0,2261737,1243406,79687
India Mangrove Conservation Small,Asia,India,IND,Mangrove,Conservation,,Market price,4000,Small,497965,2688673,3846669,1274698,1357600,1413976,2489069,34,34,50000,50000,629559,667067,76963,80000,255322,270533,88900,100000,129504,140000,44450,50000,0,0,101487,0,168000,0,101487,168000,792272,1441132,8893,15937,75812,120000,167296,300000,268215,444000,30,393194,170569,2882263,1584545,79687
India Mangrove Conservation Medium,Asia,India,IND,Mangrove,Conservation,,Opex breakeven,20000,Medium,497965,2589250,3664863,1274698,1357600,1314553,2307263,6,6,50000,50000,629559,667067,76963,80000,255322,270533,88900,100000,129504,140000,44450,50000,0,0,101487,0,168000,0,101487,168000,657276,1195576,44466,79687,75812,120000,167296,300000,268215,444000,4.977653842,83889,0,2391152,1314553,398436
India Mangrove Conservation Medium,Asia,India,IND,Mangrove,Conservation,,Market price,20000,Medium,497965,5893336,9674946,1274698,1357600,4618638,8317346,15,15,50000,50000,629559,667067,76963,80000,255322,270533,88900,100000,129504,140000,44450,50000,0,0,101487,0,168000,0,101487,168000,3961362,7205658,44466,79687,75812,120000,167296,300000,268215,444000,30,6093971,3304086,14411317,7922724,398436
India Mangrove Conservation Large,Asia,India,IND,Mangrove,Conservation,,Opex breakeven,40000,Large,497965,3377277,4793040,1636711,1739633,1740566,3053406,4,4,50000,50000,786949,833833,153925,160000,382983,405800,88900,100000,129504,140000,44450,50000,0,0,202973,0,336000,0,202973,336000,870283,1583032,88933,159374,75812,120000,167296,300000,335269,555000,3.295393779,112658,0,3166064,1740566,796871
India Mangrove Conservation Large,Asia,India,IND,Mangrove,Conservation,,Market price,40000,Large,497965,10429718,17621324,1636711,1739633,8793008,15881691,13,13,50000,50000,786949,833833,153925,160000,382983,405800,88900,100000,129504,140000,44450,50000,0,0,202973,0,336000,0,202973,336000,7922724,14411317,88933,159374,75812,120000,167296,300000,335269,555000,30,12940943,7052441,28822634,15845449,796871
India Seagrass Restoration Planting Small,Asia,India,IND,Seagrass,Restoration,Planting,Opex breakeven,100,Small,30674,2745094,3724671,1441752,1545514,1303342,2179157,1360,1360,50000,50000,629559,667067,76963,80000,255322,270533,88900,100000,129504,140000,44450,50000,167054,187914,101487,38617,168000,46960,140104,214960,651671,1099794,244,404,75812,120000,167296,300000,268215,444000,928.7499136,20431,0,2199588,1303342,2018
India Seagrass Restoration Planting Small,Asia,India,IND,Seagrass,Restoration,Planting,Market price,100,Small,30674,2114473,2660402,1441752,1545514,672721,1114888,1048,1048,50000,50000,629559,667067,76963,80000,255322,270533,88900,100000,129504,140000,44450,50000,167054,187914,101487,38617,168000,46960,140104,214960,21050,35525,244,404,75812,120000,167296,300000,268215,444000,30,-1043838,-630621,71050,42100,2018
India Seagrass Restoration Planting Medium,Asia,India,IND,Seagrass,Restoration,Planting,Opex breakeven,500,Medium,30674,3700624,4935117,2093907,2297168,1606717,2637949,376,376,50000,50000,629559,667067,76963,80000,255322,270533,88900,100000,129504,140000,44450,50000,819209,939568,101487,189373,168000,234798,290860,402798,803358,1369184,1176,1968,75812,120000,167296,300000,268215,444000,236.3593468,100418,0,2738367,1606717,9838
India Seagrass Restoration Planting Medium,Asia,India,IND,Seagrass,Restoration,Planting,Market price,500,Medium,30674,2999232,3739717,2093907,2297168,905325,1442550,305,305,50000,50000,629559,667067,76963,80000,255322,270533,88900,100000,129504,140000,44450,50000,819209,939568,101487,189373,168000,234798,290860,402798,101967,173784,1176,1968,75812,120000,167296,300000,268215,444000,30,-1094982,-701392,347568,203933,9838
India Seagrass Restoration Planting Large,Asia,India,IND,Seagrass,Restoration,Planting,Opex breakeven,1000,Large,30674,4887183,6523417,2928274,3316735,1958908,3206682,262,262,50000,50000,629559,667067,153925,160000,255322,270533,88900,100000,129504,140000,44450,50000,1576614,1879135,101487,364458,168000,469596,465945,637596,979454,1701353,2186,3734,75812,120000,167296,300000,268215,444000,153.7487532,196023,0,3402705,1958908,18668
India Seagrass Restoration Planting Large,Asia,India,IND,Seagrass,Restoration,Planting,Market price,1000,Large,30674,4098843,5154039,2928274,3316735,1170569,1837303,220,220,50000,50000,629559,667067,153925,160000,255322,270533,88900,100000,129504,140000,44450,50000,1576614,1879135,101487,364458,168000,469596,465945,637596,191115,331974,2186,3734,75812,120000,167296,300000,268215,444000,30,-1173355,-788340,663948,382229,18668
India Seagrass Conservation Small,Asia,India,IND,Seagrass,Conservation,,Opex breakeven,400,Small,489174,2501905,3551882,1274698,1357600,1227208,2194282,338,338,50000,50000,629559,667067,76963,80000,255322,270533,88900,100000,129504,140000,44450,50000,0,0,101487,0,168000,0,101487,168000,613604,1160802,794,1480,75812,120000,167296,300000,268215,444000,256.3427196,127322,0,2321604,1227208,7402
India Seagrass Conservation Small,Asia,India,IND,Seagrass,Conservation,,Market price,400,Small,489174,1960112,2526930,1274698,1357600,685414,1169330,265,265,50000,50000,629559,667067,76963,80000,255322,270533,88900,100000,129504,140000,44450,50000,0,0,101487,0,168000,0,101487,168000,71811,135850,794,1480,75812,120000,167296,300000,268215,444000,30,-897631,-541793,271699,143621,7402
India Seagrass Conservation Medium,Asia,India,IND,Seagrass,Conservation,,Opex breakeven,2000,Medium,489174,2508256,3563812,1274698,1357600,1233559,2206212,68,68,50000,50000,629559,667067,76963,80000,255322,270533,88900,100000,129504,140000,44450,50000,0,0,101487,0,168000,0,101487,168000,616779,1166810,3970,7402,75812,120000,167296,300000,268215,444000,51.53387967,127407,0,2333619,1233559,37011
India Seagrass Conservation Medium,Asia,India,IND,Seagrass,Conservation,,Market price,2000,Medium,489174,2250530,3076250,1274698,1357600,975832,1718650,61,61,50000,50000,629559,667067,76963,80000,255322,270533,88900,100000,129504,140000,44450,50000,0,0,101487,0,168000,0,101487,168000,359053,679248,3970,7402,75812,120000,167296,300000,268215,444000,30,-360154,-257726,1358496,718106,37011
India Seagrass Conservation Large,Asia,India,IND,Seagrass,Conservation,,Opex breakeven,4000,Large,489174,2516196,3578724,1274698,1357600,1241498,2221124,34,34,50000,50000,629559,667067,76963,80000,255322,270533,88900,100000,129504,140000,44450,50000,0,0,101487,0,168000,0,101487,168000,620749,1174319,7939,14804,75812,120000,167296,300000,268215,444000,25.93277468,127514,0,2348638,1241498,74022
India Seagrass Conservation Large,Asia,India,IND,Seagrass,Conservation,,Market price,4000,Large,489174,2613552,3762901,1274698,1357600,1338855,2405301,35,35,50000,50000,629559,667067,76963,80000,255322,270533,88900,100000,129504,140000,44450,50000,0,0,101487,0,168000,0,101487,168000,718106,1358496,7939,14804,75812,120000,167296,300000,268215,444000,30,311691,97356,2716992,1436211,74022
India Salt marsh Restoration Planting Small,Asia,India,IND,Salt marsh,Restoration,Planting,Opex breakeven,100,Small,15057,2654920,3614157,1379716,1475731,1275205,2138427,622,622,50000,50000,629559,667067,76963,80000,255322,270533,88900,100000,129504,140000,44450,50000,105018,118131,101487,24276,168000,29521,125763,197521,637602,1076051,516,854,75812,120000,167296,300000,268215,444000,429.385598,13676,0,2152103,1275205,4271
India Salt marsh Restoration Hydrology Small,Asia,India,IND,Salt marsh,Restoration,Hydrology,Opex breakeven,100,Small,15057,6508780,8347740,4014963,4440026,2493817,3907715,1219,1219,50000,50000,629559,667067,76963,80000,255322,270533,88900,100000,129504,140000,44450,50000,2740265,3082426,101487,633454,168000,770298,734941,938298,1246908,2104349,645,1068,75812,120000,167296,300000,268215,444000,671.7723763,300982,0,4208697,2493817,5339
India Salt marsh Restoration Planting Small,Asia,India,IND,Salt marsh,Restoration,Planting,Market price,100,Small,15057,2061865,2613287,1379716,1475731,682150,1137556,483,483,50000,50000,629559,667067,76963,80000,255322,270533,88900,100000,129504,140000,44450,50000,105018,118131,101487,24276,168000,29521,125763,197521,44548,75181,516,854,75812,120000,167296,300000,268215,444000,30,-987194,-593055,150362,89095,4271
India Salt marsh Restoration Hydrology Small,Asia,India,IND,Salt marsh,Restoration,Hydrology,Market price,100,Small,15057,5317556,6337368,4014963,4440026,1302593,1897342,996,996,50000,50000,629559,667067,76963,80000,255322,270533,88900,100000,129504,140000,44450,50000,2740265,3082426,101487,633454,168000,770298,734941,938298,55684,93976,645,1068,75812,120000,167296,300000,268215,444000,30,-1709390,-1191224,187952,111369,5339
India Salt marsh Restoration Planting Medium,Asia,India,IND,Salt marsh,Restoration,Planting,Opex breakeven,500,Medium,15057,3258383,4383589,1789690,1948255,1468694,2435334,156,156,50000,50000,629559,667067,76963,80000,255322,270533,88900,100000,129504,140000,44450,50000,514992,590655,101487,119048,168000,147605,220535,315605,734347,1251565,2489,4164,75812,120000,167296,300000,268215,444000,102.0919924,67797,0,2503131,1468694,20821
India Salt marsh Restoration Hydrology Medium,Asia,India,IND,Salt marsh,Restoration,Hydrology,Opex breakeven,500,Medium,15057,22157097,28002399,14712537,16769729,7444560,11232670,851,851,50000,50000,629559,667067,76963,80000,255322,270533,88900,100000,129504,140000,44450,50000,13437839,15412129,101487,3106359,168000,3851491,3207846,4019491,3722280,6343974,3111,5205,75812,120000,167296,300000,268215,444000,413.9896794,1455277,0,12687947,7444560,26026
India Salt marsh Restoration Planting Medium,Asia,India,IND,Salt marsh,Restoration,Planting,Market price,500,Medium,15057,2739826,3499799,1789690,1948255,950137,1551545,132,132,50000,50000,629559,667067,76963,80000,255322,270533,88900,100000,129504,140000,44450,50000,514992,590655,101487,119048,168000,147605,220535,315605,215790,367776,2489,4164,75812,120000,167296,300000,268215,444000,30,-815993,-518558,735552,431579,20821
India Salt marsh Restoration Hydrology Medium,Asia,India,IND,Salt marsh,Restoration,Hydrology,Market price,500,Medium,15057,18704554,22118145,14712537,16769729,3992017,5348416,719,719,50000,50000,629559,667067,76963,80000,255322,270533,88900,100000,129504,140000,44450,50000,13437839,15412129,101487,3106359,168000,3851491,3207846,4019491,269737,459720,3111,5205,75812,120000,167296,300000,268215,444000,30,-4428977,-3452543,919439,539474,26026
India Salt marsh Restoration Planting Large,Asia,India,IND,Salt marsh,Restoration,Planting,Opex breakeven,1000,Large,15057,4035893,5424515,2342791,2618910,1693102,2805605,102,102,50000,50000,629559,667067,153925,160000,255322,270533,88900,100000,129504,140000,44450,50000,991131,1181310,101487,229115,168000,295209,330602,463209,846551,1470495,4626,7901,75812,120000,167296,300000,268215,444000,62.79249646,135384,0,2940989,1693102,39506
India Salt marsh Restoration Hydrology Large,Asia,India,IND,Salt marsh,Restoration,Hydrology,Opex breakeven,1000,Large,15057,40407448,52465904,27213537,32261857,13193911,20204046,818,818,50000,50000,629559,667067,153925,160000,255322,270533,88900,100000,129504,140000,44450,50000,25861877,30824257,101487,5978363,168000,7702982,6079850,7870982,6596956,11459188,5783,9877,75812,120000,167296,300000,268215,444000,391.4606697,2714330,0,22918376,13193911,49383
India Salt marsh Restoration Planting Large,Asia,India,IND,Salt marsh,Restoration,Planting,Market price,1000,Large,15057,3593794,4656570,2342791,2618910,1251003,2037660,91,91,50000,50000,629559,667067,153925,160000,255322,270533,88900,100000,129504,140000,44450,50000,991131,1181310,101487,229115,168000,295209,330602,463209,404452,702550,4626,7901,75812,120000,167296,300000,268215,444000,30,-632561,-442100,1405099,808903,39506
India Salt marsh Restoration Hydrology Large,Asia,India,IND,Salt marsh,Restoration,Hydrology,Market price,1000,Large,15057,34316057,41884903,27213537,32261857,7102520,9623045,695,695,50000,50000,629559,667067,153925,160000,255322,270533,88900,100000,129504,140000,44450,50000,25861877,30824257,101487,5978363,168000,7702982,6079850,7870982,505565,878187,5783,9877,75812,120000,167296,300000,268215,444000,30,-7866671,-6091391,1756374,1011129,49383
India Salt marsh Conservation Small,Asia,India,IND,Salt marsh,Conservation,,Opex breakeven,800,Small,322244,2505585,3564495,1274698,1357600,1230887,2206895,102,102,50000,50000,629559,667067,76963,80000,255322,270533,88900,100000,129504,140000,44450,50000,0,0,101487,0,168000,0,101487,168000,615444,1169959,2634,4936,75812,120000,167296,300000,268215,444000,77.3516904,133023,0,2339918,1230887,24680
India Salt marsh Conservation Small,Asia,India,IND,Salt marsh,Conservation,,Market price,800,Small,322244,2128834,2848292,1274698,1357600,854137,1490692,86,86,50000,50000,629559,667067,76963,80000,255322,270533,88900,100000,129504,140000,44450,50000,0,0,101487,0,168000,0,101487,168000,238693,453756,2634,4936,75812,120000,167296,300000,268215,444000,30,-583180,-376751,907512,477386,24680
India Salt marsh Conservation Medium,Asia,India,IND,Salt marsh,Conservation,,Opex breakeven,4000,Medium,322244,2526655,3604266,1274698,1357600,1251957,2246666,20,20,50000,50000,629559,667067,76963,80000,255322,270533,88900,100000,129504,140000,44450,50000,0,0,101487,0,168000,0,101487,168000,625979,1189986,13169,24680,75812,120000,167296,300000,268215,444000,15.7351543,133306,0,2379972,1251957,123401
India Salt marsh Conservation Medium,Asia,India,IND,Salt marsh,Conservation,,Market price,4000,Medium,322244,3094141,4683059,1274698,1357600,1819444,3325459,25,25,50000,50000,629559,667067,76963,80000,255322,270533,88900,100000,129504,140000,44450,50000,0,0,101487,0,168000,0,101487,168000,1193465,2268779,13169,24680,75812,120000,167296,300000,268215,444000,30,1212099,567486,4537558,2386930,123401
India Salt marsh Conservation Large,Asia,India,IND,Salt marsh,Conservation,,Opex breakeven,8000,Large,322244,2552992,3653980,1274698,1357600,1278295,2296380,10,10,50000,50000,629559,667067,76963,80000,255322,270533,88900,100000,129504,140000,44450,50000,0,0,101487,0,168000,0,101487,168000,639147,1215020,26337,49360,75812,120000,167296,300000,268215,444000,8.033087286,133660,0,2430040,1278295,246801
India Salt marsh Conservation Large,Asia,India,IND,Salt marsh,Conservation,,Market price,8000,Large,322244,4300775,6976518,1274698,1357600,3026077,5618918,17,17,50000,50000,629559,667067,76963,80000,255322,270533,88900,100000,129504,140000,44450,50000,0,0,101487,0,168000,0,101487,168000,2386930,4537558,26337,49360,75812,120000,167296,300000,268215,444000,30,3456198,1747783,9075116,4773860,246801
China Mangrove Restoration Planting Small,Asia,China,CHN,Mangrove,Restoration,Planting,Opex breakeven,100,Small,26227,3902220,5560404,1597715,1716700,2304505,3843704,536,536,50000,50000,629559,667067,76963,80000,314213,332933,88900,100000,138755,150000,44450,50000,254875,286700,234386,58918,388000,71646,293304,459646,1152253,1944602,879,1455,75812,120000,167296,300000,614961,1018000,455.5698287,45501,0,3889205,2304505,7275
China Mangrove Restoration Hydrology Small,Asia,China,CHN,Mangrove,Restoration,Hydrology,Opex breakeven,100,Small,26227,22353387,28223079,14215062,15909500,8138325,12313579,2458,2458,50000,50000,629559,667067,76963,80000,314213,332933,88900,100000,138755,150000,44450,50000,12872223,14479500,234386,2975608,388000,3618427,3209994,4006427,4069162,6867334,1099,1819,75812,120000,167296,300000,614961,1018000,1287.070401,1421088,0,13734667,8138325,9093
China Mangrove Restoration Planting Small,Asia,China,CHN,Mangrove,Restoration,Planting,Market price,100,Small,26227,2825845,3743856,1597715,1716700,1228130,2027156,388,388,50000,50000,629559,667067,76963,80000,314213,332933,88900,100000,138755,150000,44450,50000,254875,286700,234386,58918,388000,71646,293304,459646,75878,128055,879,1455,75812,120000,167296,300000,614961,1018000,30,-1771046,-1076375,256110,151755,7275
China Mangrove Restoration Hydrology Small,Asia,China,CHN,Mangrove,Restoration,Hydrology,Market price,100,Small,26227,18379072,21515815,14215062,15909500,4164010,5606315,2021,2021,50000,50000,629559,667067,76963,80000,314213,332933,88900,100000,138755,150000,44450,50000,12872223,14479500,234386,2975608,388000,3618427,3209994,4006427,94847,160069,1099,1819,75812,120000,167296,300000,614961,1018000,30,-5286177,-3974316,320138,189694,9093
China Mangrove Restoration Planting Medium,Asia,China,CHN,Mangrove,Restoration,Planting,Opex breakeven,500,Medium,26227,5363949,7416372,2592708,2863500,2771241,4552872,151,151,50000,50000,629559,667067,76963,80000,314213,332933,88900,100000,138755,150000,44450,50000,1249869,1433500,234386,288926,388000,358232,523312,746232,1385621,2361547,4239,7093,75812,120000,167296,300000,614961,1018000,113.0952875,170222,0,4723094,2771241,35464
China Mangrove Restoration Hydrology Medium,Asia,China,CHN,Mangrove,Restoration,Hydrology,Opex breakeven,500,Medium,26227,95845600,120494811,64466239,73827500,31379360,46667311,2162,2162,50000,50000,629559,667067,76963,80000,314213,332933,88900,100000,138755,150000,44450,50000,63123400,72397500,234386,14591926,388000,18092135,14826312,18480135,15689680,26740310,5299,8866,75812,120000,167296,300000,614961,1018000,1024.481894,6813308,0,53480619,31379360,44330
China Mangrove Restoration Planting Medium,Asia,China,CHN,Mangrove,Restoration,Planting,Market price,500,Medium,26227,4345883,5681256,2592708,2863500,1753174,2817756,123,123,50000,50000,629559,667067,76963,80000,314213,332933,88900,100000,138755,150000,44450,50000,1249869,1433500,234386,288926,388000,358232,523312,746232,367554,626431,4239,7093,75812,120000,167296,300000,614961,1018000,30,-1564894,-1018066,1252862,735108,35464
China Mangrove Restoration Hydrology Medium,Asia,China,CHN,Mangrove,Restoration,Hydrology,Market price,500,Medium,26227,80615362,94537540,64466239,73827500,16149123,20710040,1819,1819,50000,50000,629559,667067,76963,80000,314213,332933,88900,100000,138755,150000,44450,50000,63123400,72397500,234386,14591926,388000,18092135,14826312,18480135,459442,783039,5299,8866,75812,120000,167296,300000,614961,1018000,30,-19143962,-15230238,1566078,918885,44330
China Mangrove Restoration Planting Large,Asia,China,CHN,Mangrove,Restoration,Planting,Opex breakeven,1000,Large,26227,7138025,9810140,3825245,4377000,3312780,5433140,106,106,50000,50000,629559,667067,153925,160000,314213,332933,88900,100000,138755,150000,44450,50000,2405443,2867000,234386,556054,388000,716463,790440,1104463,1656390,2877218,7880,13458,75812,120000,167296,300000,614961,1018000,72.13181416,321297,0,5754437,3312780,67291
China Mangrove Restoration Hydrology Large,Asia,China,CHN,Mangrove,Restoration,Hydrology,Opex breakeven,1000,Large,26227,181274908,235028157,122904334,146305000,58370575,88723157,2155,2155,50000,50000,629559,667067,153925,160000,314213,332933,88900,100000,138755,150000,44450,50000,121484532,144795000,234386,28082982,388000,36184270,28317368,36572270,29185287,50696064,9850,16823,75812,120000,167296,300000,614961,1018000,1016.759549,12668972,0,101392129,58370575,84113
China Mangrove Restoration Planting Large,Asia,China,CHN,Mangrove,Restoration,Planting,Market price,1000,Large,26227,6170536,8129572,3825245,4377000,2345291,3752572,92,92,50000,50000,629559,667067,153925,160000,314213,332933,88900,100000,138755,150000,44450,50000,2405443,2867000,234386,556054,388000,716463,790440,1104463,688901,1196650,7880,13458,75812,120000,167296,300000,614961,1018000,30,-1359272,-967489,2393300,1377802,67291
China Mangrove Restoration Hydrology Large,Asia,China,CHN,Mangrove,Restoration,Hydrology,Market price,1000,Large,26227,152950748,185827906,122904334,146305000,30046414,39522906,1818,1818,50000,50000,629559,667067,153925,160000,314213,332933,88900,100000,138755,150000,44450,50000,121484532,144795000,234386,28082982,388000,36184270,28317368,36572270,861127,1495813,9850,16823,75812,120000,167296,300000,614961,1018000,30,-36531280,-28324161,2991626,1722253,84113
China Mangrove Conservation Small,Asia,China,CHN,Mangrove,Conservation,,Opex breakeven,4000,Small,6335,3531627,5243169,1342839,1430000,2188787,3813169,204,204,50000,50000,629559,667067,76963,80000,314213,332933,88900,100000,138755,150000,44450,50000,0,0,234386,0,388000,0,234386,388000,1094394,1983709,1938,3460,75812,120000,167296,300000,614961,1018000,190.4327212,154249,0,3967418,2188787,17301
China Mangrove Conservation Small,Asia,China,CHN,Mangrove,Conservation,,Market price,4000,Small,6335,2609639,3571966,1342839,1430000,1266800,2141966,151,151,50000,50000,629559,667067,76963,80000,314213,332933,88900,100000,138755,150000,44450,50000,0,0,234386,0,388000,0,234386,388000,172406,312505,1938,3460,75812,120000,167296,300000,614961,1018000,30,-1516955,-921987,625011,344813,17301
China Mangrove Conservation Medium,Asia,China,CHN,Mangrove,Conservation,,Opex breakeven,20000,Medium,6335,3547133,5271064,1342839,1430000,2204293,3841064,41,41,50000,50000,629559,667067,76963,80000,314213,332933,88900,100000,138755,150000,44450,50000,0,0,234386,0,388000,0,234386,388000,1102147,1997762,9691,17301,75812,120000,167296,300000,614961,1018000,38.35636364,154461,0,3995525,2204293,86506
China Mangrove Conservation Medium,Asia,China,CHN,Mangrove,Conservation,,Market price,20000,Medium,6335,3307018,4835829,1342839,1430000,1964178,3405829,38,38,50000,50000,629559,667067,76963,80000,314213,332933,88900,100000,138755,150000,44450,50000,0,0,234386,0,388000,0,234386,388000,862032,1562527,9691,17301,75812,120000,167296,300000,614961,1018000,30,-280774,-240115,3125055,1724063,86506
China Mangrove Conservation Large,Asia,China,CHN,Mangrove,Conservation,,Opex breakeven,40000,Large,6335,4734227,7065186,1734298,1843233,2999929,5221953,27,27,50000,50000,786949,833833,153925,160000,471320,499400,88900,100000,138755,150000,44450,50000,0,0,468772,0,776000,0,468772,776000,1499964,2718850,19383,34603,75812,120000,167296,300000,768701,1272500,26.10050742,215748,0,5437701,2999929,173013
China Mangrove Conservation Large,Asia,China,CHN,Mangrove,Conservation,,Market price,40000,Large,6335,4958326,7471391,1734298,1843233,3224028,5628157,29,29,50000,50000,786949,833833,153925,160000,471320,499400,88900,100000,138755,150000,44450,50000,0,0,468772,0,776000,0,468772,776000,1724063,3125055,19383,34603,75812,120000,167296,300000,768701,1272500,30,621953,224099,6250110,3448127,173013
China Seagrass Restoration Planting Small,Asia,China,CHN,Seagrass,Restoration,Planting,Opex breakeven,100,Small,58237,4549194,6354481,2041010,2215347,2508184,4139134,2254,2254,50000,50000,629559,667067,76963,80000,314213,332933,88900,100000,138755,150000,44450,50000,698171,785347,234386,161393,388000,196258,395779,584258,1254092,2116472,244,404,75812,120000,167296,300000,614961,1018000,1787.309875,93809,0,4232943,2508184,2018
China Seagrass Restoration Planting Small,Asia,China,CHN,Seagrass,Restoration,Planting,Market price,100,Small,58237,3316152,4273534,2041010,2215347,1275142,2058187,1643,1643,50000,50000,629559,667067,76963,80000,314213,332933,88900,100000,138755,150000,44450,50000,698171,785347,234386,161393,388000,196258,395779,584258,21050,35525,244,404,75812,120000,167296,300000,614961,1018000,30,-1987137,-1233042,71050,42100,2018
China Seagrass Restoration Planting Medium,Asia,China,CHN,Seagrass,Restoration,Planting,Opex breakeven,500,Medium,58237,8536713,11378776,4766561,5356735,3770152,6022041,868,868,50000,50000,629559,667067,76963,80000,314213,332933,88900,100000,138755,150000,44450,50000,3423722,3926735,234386,791445,388000,981291,1025831,1369291,1885076,3212782,1176,1968,75812,120000,167296,300000,614961,1018000,554.6159369,403523,0,6425564,3770152,9838
China Seagrass Restoration Planting Medium,Asia,China,CHN,Seagrass,Restoration,Planting,Market price,500,Medium,58237,6753604,8339778,4766561,5356735,1987043,2983043,686,686,50000,50000,629559,667067,76963,80000,314213,332933,88900,100000,138755,150000,44450,50000,3423722,3926735,234386,791445,388000,981291,1025831,1369291,101967,173784,1176,1968,75812,120000,167296,300000,614961,1018000,30,-2635475,-1783110,347568,203933,9838
China Seagrass Restoration Planting Large,Asia,China,CHN,Seagrass,Restoration,Planting,Opex breakeven,1000,Large,58237,13244590,17703052,8008947,9363471,5235643,8339581,709,709,50000,50000,629559,667067,153925,160000,314213,332933,88900,100000,138755,150000,44450,50000,6589145,7853471,234386,1523180,388000,1962582,1757566,2350582,2617822,4547266,2186,3734,75812,120000,167296,300000,614961,1018000,410.929731,754950,0,9094531,5235643,18668
China Seagrass Restoration Planting Large,Asia,China,CHN,Seagrass,Restoration,Planting,Market price,1000,Large,58237,10817883,13487761,8008947,9363471,2808936,4124290,579,579,50000,50000,629559,667067,153925,160000,314213,332933,88900,100000,138755,150000,44450,50000,6589145,7853471,234386,1523180,388000,1962582,1757566,2350582,191115,331974,2186,3734,75812,120000,167296,300000,614961,1018000,30,-3460342,-2426707,663948,382229,18668
China Seagrass Conservation Small,Asia,China,CHN,Seagrass,Conservation,,Opex breakeven,400,Small,928708,3529338,5325665,1342839,1430000,2186499,3895665,477,477,50000,50000,629559,667067,76963,80000,314213,332933,88900,100000,138755,150000,44450,50000,0,0,234386,0,388000,0,234386,388000,1093249,2068185,794,1480,75812,120000,167296,300000,614961,1018000,456.7222481,240704,0,4136369,2186499,7402
China Seagrass Conservation Small,Asia,China,CHN,Seagrass,Conservation,,Market price,400,Small,928708,2507899,3393330,1342839,1430000,1165060,1963330,339,339,50000,50000,629559,667067,76963,80000,314213,332933,88900,100000,138755,150000,44450,50000,0,0,234386,0,388000,0,234386,388000,71811,135850,794,1480,75812,120000,167296,300000,614961,1018000,30,-1691631,-1021439,271699,143621,7402
China Seagrass Conservation Medium,Asia,China,CHN,Seagrass,Conservation,,Opex breakeven,2000,Medium,928708,3535689,5337595,1342839,1430000,2192850,3907595,96,96,50000,50000,629559,667067,76963,80000,314213,332933,88900,100000,138755,150000,44450,50000,0,0,234386,0,388000,0,234386,388000,1096425,2074192,3970,7402,75812,120000,167296,300000,614961,1018000,91.60978537,240790,0,4148385,2192850,37011
China Seagrass Conservation Medium,Asia,China,CHN,Seagrass,Conservation,,Market price,2000,Medium,928708,2798317,3942650,1342839,1430000,1455478,2512650,76,76,50000,50000,629559,667067,76963,80000,314213,332933,88900,100000,138755,150000,44450,50000,0,0,234386,0,388000,0,234386,388000,359053,679248,3970,7402,75812,120000,167296,300000,614961,1018000,30,-1154154,-737372,1358496,718106,37011
China Seagrass Conservation Large,Asia,China,CHN,Seagrass,Conservation,,Opex breakeven,4000,Large,928708,3543628,5352506,1342839,1430000,2200789,3922506,48,48,50000,50000,629559,667067,76963,80000,314213,332933,88900,100000,138755,150000,44450,50000,0,0,234386,0,388000,0,234386,388000,1100394,2081702,7939,14804,75812,120000,167296,300000,614961,1018000,45.97072752,240898,0,4163404,2200789,74022
China Seagrass Conservation Large,Asia,China,CHN,Seagrass,Conservation,,Market price,4000,Large,928708,3161339,4629301,1342839,1430000,1818500,3199301,43,43,50000,50000,629559,667067,76963,80000,314213,332933,88900,100000,138755,150000,44450,50000,0,0,234386,0,388000,0,234386,388000,718106,1358496,7939,14804,75812,120000,167296,300000,614961,1018000,30,-482309,-382289,2716992,1436211,74022
China Salt marsh Restoration Planting Small,Asia,China,CHN,Salt marsh,Restoration,Planting,Opex breakeven,100,Small,48820,4170601,5889719,1781741,1923705,2388860,3966014,977,977,50000,50000,629559,667067,76963,80000,314213,332933,88900,100000,138755,150000,44450,50000,438902,493705,234386,101459,388000,123377,335845,511377,1194430,2015783,516,854,75812,120000,167296,300000,614961,1018000,804.3745274,65553,0,4031567,2388860,4271
China Salt marsh Restoration Hydrology Small,Asia,China,CHN,Salt marsh,Restoration,Hydrology,Opex breakeven,100,Small,48820,35943484,44914592,23509136,26364069,12434348,18550523,6733,6733,50000,50000,629559,667067,76963,80000,314213,332933,88900,100000,138755,150000,44450,50000,22166297,24934069,234386,5124074,388000,6231024,5358460,6619024,6217174,10492432,645,1068,75812,120000,167296,300000,614961,1018000,3349.504674,2434341,0,20984864,12434348,5339
China Salt marsh Restoration Planting Small,Asia,China,CHN,Salt marsh,Restoration,Planting,Market price,100,Small,48820,3020719,3949116,1781741,1923705,1238978,2025412,707,707,50000,50000,629559,667067,76963,80000,314213,332933,88900,100000,138755,150000,44450,50000,438902,493705,234386,101459,388000,123377,335845,511377,44548,75181,516,854,75812,120000,167296,300000,614961,1018000,30,-1875050,-1149883,150362,89095,4271
China Salt marsh Restoration Hydrology Small,Asia,China,CHN,Salt marsh,Restoration,Hydrology,Market price,100,Small,48820,29781994,34516136,23509136,26364069,6272859,8152068,5579,5579,50000,50000,629559,667067,76963,80000,314213,332933,88900,100000,138755,150000,44450,50000,22166297,24934069,234386,5124074,388000,6231024,5358460,6619024,55684,93976,645,1068,75812,120000,167296,300000,614961,1018000,30,-7964116,-6161490,187952,111369,5339
China Salt marsh Restoration Planting Medium,Asia,China,CHN,Salt marsh,Restoration,Planting,Opex breakeven,500,Medium,48820,6680110,9059679,3495146,3898524,3184964,5161155,321,321,50000,50000,629559,667067,76963,80000,314213,332933,88900,100000,138755,150000,44450,50000,2152306,2468524,234386,497538,388000,616884,731924,1004884,1592482,2714107,2489,4164,75812,120000,167296,300000,614961,1018000,221.3936049,267058,0,5428213,3184964,20821
China Salt marsh Restoration Hydrology Medium,Asia,China,CHN,Salt marsh,Restoration,Hydrology,Opex breakeven,500,Medium,48820,162489419,203779577,110042947,126100345,52446471,77679233,6243,6243,50000,50000,629559,667067,76963,80000,314213,332933,88900,100000,138755,150000,44450,50000,108700108,124670345,234386,25127669,388000,31155119,25362055,31543119,26223236,44692908,3111,5205,75812,120000,167296,300000,614961,1018000,2916.532059,11706584,0,89385817,52446471,26026
China Salt marsh Restoration Planting Medium,Asia,China,CHN,Salt marsh,Restoration,Planting,Market price,500,Medium,48820,5303418,6713348,3495146,3898524,1808272,2814824,255,255,50000,50000,629559,667067,76963,80000,314213,332933,88900,100000,138755,150000,44450,50000,2152306,2468524,234386,497538,388000,616884,731924,1004884,215790,367776,2489,4164,75812,120000,167296,300000,614961,1018000,30,-2079272,-1376693,735552,431579,20821
China Salt marsh Restoration Hydrology Medium,Asia,China,CHN,Salt marsh,Restoration,Hydrology,Market price,500,Medium,48820,136535920,159546389,110042947,126100345,26492973,33446044,5246,5246,50000,50000,629559,667067,76963,80000,314213,332933,88900,100000,138755,150000,44450,50000,108700108,124670345,234386,25127669,388000,31155119,25362055,31543119,269737,459720,3111,5205,75812,120000,167296,300000,614961,1018000,30,-32526605,-25953499,919439,539474,26026
China Salt marsh Restoration Planting Large,Asia,China,CHN,Salt marsh,Restoration,Planting,Opex breakeven,1000,Large,48820,9671280,13083680,5562037,6447047,4109243,6636633,245,245,50000,50000,629559,667067,153925,160000,314213,332933,88900,100000,138755,150000,44450,50000,4142235,4937047,234386,957540,388000,1233768,1191926,1621768,2054622,3568964,4626,7901,75812,120000,167296,300000,614961,1018000,152.4005208,501295,0,7137928,4109243,39506
China Salt marsh Restoration Hydrology Large,Asia,China,CHN,Salt marsh,Restoration,Hydrology,Opex breakeven,1000,Large,48820,309534971,400907159,210619270,250850690,98915701,150056469,6268,6268,50000,50000,629559,667067,153925,160000,314213,332933,88900,100000,138755,150000,44450,50000,209199468,249340690,234386,48359612,388000,62310238,48593998,62698238,49457851,85910355,5783,9877,75812,120000,167296,300000,614961,1018000,2934.80876,21764240,0,171820709,98915701,49383
China Salt marsh Restoration Planting Large,Asia,China,CHN,Salt marsh,Restoration,Planting,Market price,1000,Large,48820,8021110,10217266,5562037,6447047,2459073,3770219,203,203,50000,50000,629559,667067,153925,160000,314213,332933,88900,100000,138755,150000,44450,50000,4142235,4937047,234386,957540,388000,1233768,1191926,1621768,404452,702550,4626,7901,75812,120000,167296,300000,614961,1018000,30,-2365120,-1650170,1405099,808903,39506
China Salt marsh Restoration Hydrology Large,Asia,China,CHN,Salt marsh,Restoration,Hydrology,Market price,1000,Large,48820,260582685,315874991,210619270,250850690,49963415,65024302,5277,5277,50000,50000,629559,667067,153925,160000,314213,332933,88900,100000,138755,150000,44450,50000,209199468,249340690,234386,48359612,388000,62310238,48593998,62698238,505565,878187,5783,9877,75812,120000,167296,300000,614961,1018000,30,-63267928,-48952286,1756374,1011129,49383
China Salt marsh Conservation Small,Asia,China,CHN,Salt marsh,Conservation,,Opex breakeven,800,Small,1044882,3533017,5342702,1342839,1430000,2190178,3912702,143,143,50000,50000,629559,667067,76963,80000,314213,332933,88900,100000,138755,150000,44450,50000,0,0,234386,0,388000,0,234386,388000,1095089,2081766,2634,4936,75812,120000,167296,300000,614961,1018000,137.6356725,250830,0,4163532,2190178,24680
China Salt marsh Conservation Small,Asia,China,CHN,Salt marsh,Conservation,,Market price,800,Small,1044882,2676621,3714692,1342839,1430000,1333782,2284692,108,108,50000,50000,629559,667067,76963,80000,314213,332933,88900,100000,138755,150000,44450,50000,0,0,234386,0,388000,0,234386,388000,238693,453756,2634,4936,75812,120000,167296,300000,614961,1018000,30,-1377180,-856396,907512,477386,24680
China Salt marsh Conservation Medium,Asia,China,CHN,Salt marsh,Conservation,,Opex breakeven,4000,Medium,1044882,3554087,5382473,1342839,1430000,2211248,3952473,29,29,50000,50000,629559,667067,76963,80000,314213,332933,88900,100000,138755,150000,44450,50000,0,0,234386,0,388000,0,234386,388000,1105624,2101793,13169,24680,75812,120000,167296,300000,614961,1018000,27.79195073,251113,0,4203586,2211248,123401
China Salt marsh Conservation Medium,Asia,China,CHN,Salt marsh,Conservation,,Market price,4000,Medium,1044882,3641928,5549459,1342839,1430000,2299089,4119459,30,30,50000,50000,629559,667067,76963,80000,314213,332933,88900,100000,138755,150000,44450,50000,0,0,234386,0,388000,0,234386,388000,1193465,2268779,13169,24680,75812,120000,167296,300000,614961,1018000,30,418099,87841,4537558,2386930,123401
China Salt marsh Conservation Large,Asia,China,CHN,Salt marsh,Conservation,,Opex breakeven,8000,Large,1044882,3580425,5432187,1342839,1430000,2237586,4002187,15,15,50000,50000,629559,667067,76963,80000,314213,332933,88900,100000,138755,150000,44450,50000,0,0,234386,0,388000,0,234386,388000,1118793,2126827,26337,49360,75812,120000,167296,300000,614961,1018000,14.0614855,251467,0,4253654,2237586,246801
China Salt marsh Conservation Large,Asia,China,CHN,Salt marsh,Conservation,,Market price,8000,Large,1044882,4848562,7842918,1342839,1430000,3505723,6412918,20,20,50000,50000,629559,667067,76963,80000,314213,332933,88900,100000,138755,150000,44450,50000,0,0,234386,0,388000,0,234386,388000,2386930,4537558,26337,49360,75812,120000,167296,300000,614961,1018000,30,2662198,1268137,9075116,4773860,246801